code,name,outstanding,timeToMarket
300074,华平股份,4.72,20100427
002547,春兴精工,8.0,20110218
603011,合锻智能,4.12,20141107
600555,海航创新,9.74,20010328
002300,太阳电缆,5.42,20091021
002374,丽鹏股份,7.24,20100318
600241,时代万恒,1.93,20001128
002451,摩恩电气,4.13,20100720
300312,邦讯技术,1.84,20120508
603650,彤程新材,0.59,20180627
300746,汉嘉设计,0.53,20180525
300225,金力泰,4.68,20110531
002782,可立克,1.06,20151222
002907,华森制药,0.4,20171020
000590,启迪古汉,2.23,19960119
603901,永创智能,1.84,20150529
002488,金固股份,5.12,20101021
002356,赫美集团,2.75,20100209
300747,锐科激光,0.32,20180625
603486,科沃斯,0.4,20180528
300677,英科医疗,0.49,20170721
300745,欣锐科技,0.29,20180523
300050,世纪鼎利,3.65,20100120
002906,华阳集团,0.73,20171013
002148,北纬科技,4.44,20070810
002125,湘潭电化,2.59,20070403
000678,襄阳轴承,4.29,19970106
603398,邦宝益智,0.53,20151209
300578,会畅通讯,0.53,20170125
603996,中新科技,1.03,20151222
603421,鼎信通讯,0.43,20161011
300647,超频三,0.54,20170503
002870,香山股份,0.4,20170515
300056,三维丝,2.14,20100226
300546,雄帝科技,0.64,20160928
600448,华纺股份,4.22,20010903
300484,蓝海华腾,0.94,20160322
000892,欢瑞世纪,5.17,19990115
601330,绿色动力,1.16,20180611
000595,宝塔实业,7.45,19960419
002211,宏达新材,4.32,20080201
300141,和顺电气,1.63,20101112
300134,大富科技,7.12,20101026
002584,西陇科学,2.92,20110602
600722,金牛化工,6.8,19960626
002388,新亚制程,4.0,20100413
000979,中弘股份,83.89,20000616
300120,经纬辉开,2.13,20100917
300177,中海达,3.17,20110215
600130,波导股份,7.68,20000706
600156,华升股份,4.02,19980527
002592,八菱科技,2.04,20111111
601113,华鼎股份,6.4,20110509
300309,吉艾科技,4.33,20120410
002694,顾地科技,4.97,20120816
300584,海辰药业,0.47,20170112
300582,英飞特,1.19,20161228
002278,神开股份,3.44,20090811
603555,贵人鸟,6.29,20140124
300601,康泰生物,2.4,20170207
002676,顺威股份,7.2,20120525
300685,艾德生物,0.36,20170802
300128,锦富技术,10.66,20101013
600303,曙光股份,6.2,20001226
603045,福达合金,0.25,20180517
300242,佳云科技,5.08,20110712
000868,安凯客车,6.96,19970725
300311,任子行,3.54,20120425
603007,花王股份,1.94,20160826
300529,健帆生物,1.07,20160802
300173,智慧松德,5.09,20110201
600250,南纺股份,2.59,20010306
300743,天地数码,0.17,20180427
002813,路畅科技,0.3,20161012
000802,北京文化,3.85,19980108
002161,远 望 谷,6.98,20070821
300487,蓝晓科技,0.89,20150702
300260,新莱应材,1.37,20110906
002606,大连电瓷,4.02,20110805
002692,睿康股份,5.8,20120808
000150,宜华健康,3.75,20000807
000636,风华高科,8.75,19961129
600763,通策医疗,3.21,19961030
603918,金桥信息,1.77,20150528
002796,世嘉科技,0.3,20160510
000810,创维数字,9.6,19980602
000812,陕西金叶,6.69,19980623
300374,恒通科技,1.61,20150319
603988,中电电机,1.68,20141104
300012,华测检测,14.75,20091030
000735,罗 牛 山,10.6,19970611
002725,跃岭股份,1.1,20140129
002810,山东赫达,0.61,20160826
300261,雅本化学,7.61,20110906
603718,海利生物,6.44,20150515
300554,三超新材,0.56,20170421
000752,西藏发展,2.64,19970625
300547,川环科技,0.63,20160930
603477,振静股份,0.6,20171218
600536,中国软件,4.95,20020517
600567,山鹰纸业,45.7,20011218
000596,古井贡酒,3.84,19960927
000713,丰乐种业,2.99,19970422
600715,文投控股,4.49,19960701
603856,东宏股份,0.64,20171106
300476,胜宏科技,3.36,20150611
300167,迪威迅,3.0,20110125
002259,升达林业,7.24,20080716
002680,长生生物,4.04,20120605
002083,孚日股份,8.66,20061124
002465,海格通信,18.77,20100831
000553,沙隆达Ａ,3.64,19931203
300139,晓程科技,2.12,20101112
300123,亚光科技,2.77,20100928
603606,东方电缆,4.2,20141015
300107,建新股份,3.28,20100820
002486,嘉麟杰,8.19,20101015
300672,国科微,0.28,20170712
002014,永新股份,4.85,20040708
000976,华铁股份,5.87,20000601
002276,万马股份,9.37,20090710
300713,英可瑞,0.19,20171101
300122,智飞生物,8.69,20100928
002693,双成药业,4.03,20120808
600695,绿庭投资,3.66,19931122
002199,东晶电子,2.16,20071221
600645,中源协和,3.84,19930504
002634,棒杰股份,2.7,20111205
603579,荣泰健康,0.51,20170111
600313,农发种业,9.94,20010119
300630,普利制药,0.99,20170328
000790,泰合健康,5.6,19980327
300071,华谊嘉信,4.82,20100421
300499,高澜股份,0.68,20160202
600345,长江通信,1.98,20001222
300323,华灿光电,6.9,20120601
600903,贵州燃气,1.22,20171107
600265,ST景谷,1.3,20000825
600483,福能股份,12.58,20040531
002358,森源电气,9.1,20100210
300522,世名科技,0.51,20160705
002519,银河电子,8.32,20101207
603777,来伊份,1.09,20161012
600268,国电南自,6.35,19991118
600230,沧州大化,4.12,20000406
300062,中能电气,1.89,20100319
600069,银鸽投资,10.73,19970430
000818,航锦科技,6.9,19971017
000301,东方市场,12.18,20000529
600081,东风科技,3.14,19970703
002398,建研集团,5.24,20100506
002399,海普瑞,12.47,20100506
600500,中化国际,20.83,20000301
002099,海翔药业,15.92,20061226
600867,通化东宝,19.73,19940824
600809,山西汾酒,8.66,19940106
300001,特锐德,8.69,20091030
300116,坚瑞沃能,12.94,20100902
002326,永太科技,5.25,20091222
603866,桃李面包,0.59,20151222
000430,张家界,2.58,19960829
002134,天津普林,2.46,20070516
603985,恒润股份,0.67,20170505
600375,华菱星马,5.56,20030401
600666,奥瑞德,7.95,19930712
000971,高升控股,5.91,20000427
603819,神力股份,0.56,20161125
002138,顺络电子,6.42,20070613
300634,彩讯股份,0.4,20180323
002909,集泰股份,0.42,20171026
601996,丰林集团,9.45,20110929
601882,海天精工,1.26,20161107
603688,石英股份,3.36,20141031
600771,广誉远,2.68,19961105
002746,仙坛股份,2.42,20150216
300232,洲明科技,4.52,20110622
002616,长青集团,4.59,20110920
000410,沈阳机床,7.4,19960718
603605,珀莱雅,0.5,20171115
300644,南京聚隆,0.16,20180206
603337,杰克股份,0.81,20170119
600197,伊力特,4.41,19990916
600710,苏美达,6.4,19960701
300512,中亚股份,0.78,20160526
300559,佳发教育,0.76,20161101
600215,长春经开,4.65,19990909
600110,诺德股份,11.5,19971007
002885,京泉华,0.45,20170627
300216,千山药机,2.82,20110511
603127,昭衍新药,0.29,20170825
002184,海得控制,1.36,20071116
002901,大博医疗,0.4,20170922
300732,设研院,0.32,20171212
002851,麦格米特,1.25,20170306
002235,安妮股份,5.0,20080516
600011,华能国际,105.0,20011206
300404,博济医药,0.85,20150424
600405,动力源,5.53,20040401
600794,保税科技,11.92,19970306
002021,中捷资源,6.88,20040715
300356,光一科技,3.69,20121009
300384,三联虹普,0.61,20140801
300004,南风股份,4.02,20091030
300076,GQY视讯,3.68,20100430
002218,拓日新能,12.16,20080228
603387,基蛋生物,0.46,20170717
300083,劲胜智能,11.91,20100520
600389,江山股份,2.97,20010110
002159,三特索道,1.39,20070817
002348,高乐股份,7.38,20100203
002921,联诚精密,0.2,20171227
603787,新日股份,0.71,20170427
002560,通达股份,2.75,20110303
002496,辉丰股份,10.23,20101109
000567,海德股份,1.5,19940525
603897,长城科技,0.45,20180410
600689,上海三毛,1.52,19931108
002458,益生股份,1.76,20100810
603963,大理药业,0.25,20170922
600136,当代明诚,3.44,19980303
002619,艾格拉斯,13.97,20110929
002387,维信诺,3.29,20100413
002773,康弘药业,4.75,20150626
000909,数源科技,3.11,19990507
000613,大东海A,2.66,19970128
002264,新 华 都,6.07,20080731
300144,宋城演艺,11.53,20101209
002299,圣农发展,11.01,20091021
600367,红星发展,2.91,20010320
002915,中欣氟材,0.28,20171205
002549,凯美特气,6.2,20110218
600521,华海药业,12.32,20030304
300333,兆日科技,3.31,20120628
603889,新澳股份,3.23,20141231
002357,富临运业,3.13,20100210
300294,博雅生物,3.41,20120308
002672,东江环保,6.51,20120426
300454,深信服,0.4,20180516
002065,东华软件,27.92,20060823
300104,乐视网,30.65,20100812
300337,银邦股份,7.01,20120718
002809,红墙股份,0.6,20160823
300425,环能科技,5.84,20150216
300132,青松股份,3.11,20101026
300505,川金诺,0.38,20160315
002346,柘中股份,3.91,20100128
000593,大通燃气,2.8,19960312
002858,力盛赛车,0.62,20170324
600240,华业资本,14.24,20000628
300371,汇中股份,0.57,20140123
601858,中国科传,1.31,20170118
603199,九华旅游,1.11,20150326
002922,伊戈尔,0.33,20171229
002114,罗平锌电,3.23,20070215
600329,中新药业,5.66,20010606
002524,光正集团,5.01,20101217
603638,艾迪精密,0.85,20170120
002829,星网宇达,0.62,20161213
603667,五洲新春,1.13,20161025
603039,泛微网络,0.4,20170113
603707,健友股份,0.83,20170719
000973,佛塑科技,9.67,20000525
002565,顺灏股份,6.85,20110318
300121,阳谷华泰,3.72,20100917
603666,亿嘉和,0.18,20180612
300620,光库科技,0.22,20170310
000560,我爱我家,11.3,19940202
603043,广州酒家,1.26,20170627
600436,片仔癀,6.03,20030616
300424,航新科技,1.57,20150422
600084,中葡股份,11.24,19970711
002432,九安医疗,4.33,20100610
002461,珠江啤酒,13.6,20100818
603059,倍加洁,0.2,20180302
603601,再升科技,5.41,20150122
002587,奥拓电子,3.93,20110610
002181,粤 传 媒,11.34,20071116
300253,卫宁健康,12.02,20110818
603711,香飘飘,0.4,20171130
002228,合兴包装,10.39,20080508
002413,雷科防务,10.38,20100528
002462,嘉事堂,2.49,20100818
002198,嘉应制药,4.65,20071218
002182,云海金属,4.5,20071113
300383,光环新网,13.88,20140129
000633,合金投资,3.85,19961112
002702,海欣食品,2.96,20121011
002022,科华生物,4.94,20040721
600227,圣济堂,12.45,20000221
600211,西藏药业,1.46,19990721
000815,美利云,3.17,19980609
600093,易见股份,11.22,19970626
300606,金太阳,0.33,20170208
603096,新经典,0.53,20170425
002931,锋龙股份,0.22,20180403
300742,越博动力,0.2,20180508
002030,达安基因,7.64,20040809
002660,茂硕电源,1.91,20120316
002234,民和股份,2.06,20080516
300296,利亚德,15.59,20120315
000506,中润资源,9.29,19930312
603259,药明康德,1.04,20180508
300418,昆仑万维,6.17,20150121
002115,三维通信,3.45,20070215
000957,中通客车,4.77,20000113
002013,中航机电,31.43,20040705
300093,金刚玻璃,2.15,20100708
002622,融钰集团,8.39,20111018
300572,安车检测,0.56,20161206
002058,威 尔 泰,1.43,20060802
002377,国创高新,4.32,20100323
300627,华测导航,1.01,20170321
300067,安诺其,4.32,20100421
002640,跨境通,9.82,20111208
002410,广联达,8.67,20100525
603367,辰欣药业,1.0,20170929
002440,闰土股份,9.24,20100706
300727,润禾材料,0.32,20171127
603886,元祖股份,1.21,20161228
603133,碳元科技,1.12,20170320
600760,中航沈飞,3.45,19961011
600600,青岛啤酒,6.96,19930827
000820,神雾节能,2.88,19980630
300048,合康新能,9.75,20100120
300495,美尚生态,2.43,20151222
300639,凯普生物,0.9,20170412
600299,安迪苏,5.75,20000420
002596,海南瑞泽,7.26,20110707
300110,华仁药业,11.82,20100825
600673,东阳光科,24.57,19930917
300068,南都电源,5.94,20100421
600888,新疆众和,8.34,19960215
601137,博威合金,5.64,20110127
603429,集友股份,0.48,20170124
000710,贝瑞基因,0.62,19970422
603369,今世缘,12.55,20140703
600586,金晶科技,14.44,20020815
000606,神州易桥,4.72,19961004
000738,航发控制,11.46,19970626
300006,莱美药业,5.86,20091030
601990,南京证券,2.75,20180613
300527,中国应急,2.58,20160805
300368,汇金股份,2.61,20140123
600486,扬农化工,3.1,20020425
600810,神马股份,4.42,19940106
002332,仙琚制药,7.21,20100112
600278,东方创业,5.22,20000712
603587,地素时尚,0.61,20180622
002317,众生药业,6.43,20091211
002815,崇达技术,2.12,20161012
603871,嘉友国际,0.28,20180206
601258,庞大集团,65.38,20110428
300091,金通灵,3.55,20100625
300357,我武生物,2.54,20140121
300558,贝达药业,1.7,20161107
300332,天壕环境,6.27,20120628
300172,中电环保,3.46,20110201
300439,美康生物,1.99,20150422
600228,ST昌九,2.41,19990119
603197,保隆科技,0.98,20170519
002849,威星智能,0.57,20170217
002175,东方网络,5.29,20071012
600562,国睿科技,4.26,20030128
300463,迈克生物,3.67,20150528
000682,东方电子,9.78,19970121
002304,洋河股份,12.42,20091106
300152,科融环境,7.13,20101229
603348,文灿股份,0.55,20180426
002515,金字火腿,9.55,20101203
300040,九洲电气,2.34,20100108
000639,西王食品,3.76,19961126
000661,长春高新,1.7,19961218
300081,恒信东方,3.16,20100520
300044,赛为智能,4.68,20100120
300352,北信源,10.44,20120912
300388,国祯环保,2.97,20140801
300739,明阳电路,0.46,20180201
002353,杰瑞股份,6.68,20100205
002054,德美化工,3.15,20060725
300472,新元科技,0.71,20150611
603305,旭升股份,0.42,20170710
600578,京能电力,53.35,20020510
002618,丹邦科技,5.48,20110920
600461,洪城水业,5.94,20040601
601069,西部黄金,6.36,20150122
300320,海达股份,4.53,20120601
600302,标准股份,3.46,20001213
002400,省广集团,16.57,20100506
000726,鲁 泰Ａ,5.61,20001225
300113,顺网科技,4.77,20100827
300440,运达科技,4.45,20150423
300269,联建光电,3.71,20111012
002498,汉缆股份,33.26,20101109
002096,南岭民爆,3.71,20061222
002129,中环股份,26.44,20070420
300086,康芝药业,4.36,20100526
002040,南 京 港,3.07,20050325
600498,烽火通信,10.32,20010823
300456,耐威科技,1.42,20150514
300283,温州宏丰,2.07,20120110
002227,奥 特 迅,2.2,20080506
002447,晨鑫科技,11.5,20100713
300411,金盾股份,0.72,20141231
002286,保龄宝,3.29,20090828
002240,威华股份,4.9,20080523
600593,大连圣亚,1.29,20020711
300078,思创医惠,5.17,20100430
002319,乐通股份,2.0,20091211
002390,信邦制药,11.38,20100416
002395,双象股份,1.79,20100429
600596,新安股份,6.87,20010906
002679,福建金森,1.39,20120605
300174,元力股份,2.2,20110201
002769,普路通,1.91,20150629
300715,凯伦股份,0.32,20171026
603103,横店影视,0.53,20171012
600354,敦煌种业,4.48,20040115
002576,通达动力,1.37,20110428
002821,凯莱英,1.21,20161118
601619,嘉泽新能,1.94,20170720
600380,健康元,15.62,20010608
002575,群兴玩具,5.89,20110422
300567,精测电子,0.82,20161122
601633,长城汽车,60.28,20110928
000823,超声电子,5.37,19971008
300642,透景生命,0.53,20170421
600559,老白干酒,4.9,20021029
603876,鼎胜新材,0.65,20180418
000504,南华生物,3.11,19921208
002898,赛隆药业,0.4,20170912
002775,文科园林,2.39,20150629
300470,日机密封,0.96,20150612
002727,一心堂,2.67,20140702
600969,郴电国际,3.7,20040408
002836,新宏泽,0.56,20161229
600563,法拉电子,2.25,20021210
300736,百华悦邦,0.2,20180109
603301,振德医疗,0.25,20180412
000977,浪潮信息,12.84,20000608
300588,熙菱信息,0.75,20170105
002507,涪陵榨菜,7.71,20101123
000156,华数传媒,12.8,20000906
000557,西部创业,5.85,19940617
000886,海南高速,9.65,19980123
300653,正海生物,0.43,20170516
300149,量子生物,4.05,20101222
002289,宇顺电子,2.6,20090903
600579,天华院,4.11,20020809
601008,连云港,10.15,20070426
002588,史丹利,7.3,20110610
600078,澄星股份,6.63,19970627
603788,宁波高发,1.96,20150120
300097,智云股份,1.55,20100728
002223,鱼跃医疗,8.55,20080418
600891,秋林集团,3.84,19960325
300185,通裕重工,27.41,20110308
002582,好想你,2.36,20110520
600886,国投电力,67.86,19960118
002262,恩华药业,8.84,20080723
300188,美亚柏科,4.91,20110316
603708,家家悦,1.57,20161213
000727,华东科技,29.31,19970520
603228,景旺电子,0.81,20170106
603725,天安新材,0.37,20170906
600131,岷江水电,3.97,19980402
002349,精华制药,7.76,20100203
002905,金逸影视,0.67,20171016
600804,鹏博士,14.32,19940103
600789,鲁抗医药,5.82,19970226
300612,宣亚国际,0.45,20170215
601005,重庆钢铁,83.8,20070228
002923,润都股份,0.3,20180105
603288,海天味业,26.97,20140211
002590,万安科技,4.25,20110610
002168,深圳惠程,7.72,20070919
000518,四环生物,10.3,19930908
300200,高盟新材,2.03,20110407
000955,欣龙控股,5.38,19991209
000042,中洲控股,4.88,19940921
300633,开立医疗,1.22,20170406
300346,南大光电,2.36,20120807
600280,中央商场,11.48,20000926
002097,山河智能,6.01,20061222
002925,盈趣科技,0.75,20180115
002119,康强电子,2.83,20070302
600598,北大荒,17.78,20020329
603019,中科曙光,6.43,20141106
300490,华自科技,0.91,20151231
600698,湖南天雁,7.37,19931206
300192,科斯伍德,1.74,20110322
002686,亿利达,3.26,20120703
603768,常青股份,0.7,20170324
600477,杭萧钢构,16.38,20031110
300150,世纪瑞尔,4.5,20101222
300517,海波重科,0.41,20160719
600893,航发动力,19.48,19960408
300595,欧普康视,1.37,20170117
000869,张 裕Ａ,4.53,20001026
600694,大商股份,2.94,19931122
300705,九典制药,0.59,20171010
300549,优德精密,0.61,20160930
002840,华统股份,1.47,20170110
600795,国电电力,196.5,19970318
600826,兰生股份,4.21,19940204
603027,千禾味业,1.33,20160307
002294,信立泰,10.46,20090910
002861,瀛通通讯,0.53,20170413
603722,阿科力,0.22,20171025
000949,新乡化纤,12.2,19991021
600033,福建高速,27.44,20010209
000615,京汉股份,3.54,19961016
600987,航民股份,6.35,20040809
600655,豫园股份,14.37,19920902
000819,岳阳兴长,2.71,19970625
002287,奇正藏药,4.06,20090828
002877,智能自控,0.52,20170605
600638,新黄浦,5.61,19930326
601700,风范股份,11.33,20110118
002603,以岭药业,9.89,20110728
300482,万孚生物,1.24,20150630
002516,旷达科技,9.5,20101207
000739,普洛药业,11.47,19970509
600572,康恩贝,25.04,20040412
002627,宜昌交运,1.32,20111103
000533,万 家 乐,6.85,19940103
600780,通宝能源,11.47,19961205
601226,华电重工,11.55,20141211
600540,新赛股份,4.71,20040107
002859,洁美科技,1.08,20170407
300719,安达维尔,0.63,20171109
002674,兴业科技,2.4,20120507
603160,汇顶科技,2.3,20161017
600460,士兰微,12.47,20030311
300390,天华超净,1.85,20140731
600371,万向德农,2.25,20020916
601018,宁波港,128.0,20100928
002418,康盛股份,5.83,20100601
000698,沈阳化工,4.32,19970220
600213,亚星客车,2.2,19990831
000791,甘肃电投,9.71,19971014
600365,通葡股份,4.0,20010115
300366,创意信息,2.59,20140127
002180,纳思达,6.86,20071113
002076,雪 莱 特,4.46,20061025
603025,大豪科技,6.26,20150422
300354,东华测试,0.73,20120920
300082,奥克股份,6.73,20100520
300398,飞凯材料,3.64,20141009
300618,寒锐钴业,1.14,20170306
002371,北方华创,3.59,20100316
600828,茂业商业,6.49,19940224
300486,东杰智能,1.34,20150630
000016,深康佳Ａ,15.97,19920327
002895,川恒股份,0.4,20170825
002303,美盈森,15.42,20091103
002776,柏堡龙,1.54,20150626
002071,长城影视,5.18,20061012
603158,腾龙股份,2.17,20150320
603658,安图生物,1.37,20160901
300042,朗科科技,1.12,20100108
000989,九 芝 堂,4.9,20000628
002646,青青稞酒,4.5,20111222
603811,诚意药业,0.57,20170315
000544,中原环保,5.22,19931208
600735,新华锦,3.76,19960726
002238,天威视讯,6.17,20080526
002041,登海种业,8.74,20050418
002563,森马服饰,18.39,20110311
002520,日发精机,5.3,20101210
300166,东方国信,8.11,20110125
002911,佛燃股份,0.56,20171122
603037,凯众股份,0.61,20170120
603018,中设集团,3.09,20141013
300098,高新兴,8.86,20100728
600377,宁沪高速,37.98,20010116
002712,思美传媒,1.79,20140123
002800,天顺股份,0.35,20160530
603578,三星新材,0.32,20170306
600392,DR盛和资,10.74,20030529
300725,药石科技,0.28,20171110
002222,福晶科技,4.21,20080319
600391,航发科技,3.3,20011212
002383,合众思壮,4.77,20100402
603156,养元饮品,0.6,20180212
002614,奥佳华,3.03,20110909
603659,璞泰来,0.64,20171103
300327,中颖电子,2.28,20120613
603568,伟明环保,6.83,20150528
300523,辰安科技,1.03,20160726
002422,科伦药业,10.32,20100603
300015,爱尔眼科,18.25,20091030
002179,中航光电,7.82,20071101
300518,盛讯达,0.47,20160624
603997,继峰股份,6.3,20150302
603939,益丰药房,3.63,20150217
603880,南卫股份,0.33,20170807
603838,四通股份,2.67,20150701
603825,华扬联众,0.56,20170802
603690,至纯科技,0.91,20170113
603636,南威软件,5.23,20141230
603602,纵横通信,0.28,20170810
603501,韦尔股份,1.37,20170504
603456,九洲药业,7.98,20141010
603386,广东骏亚,0.51,20170912
603329,上海雅仕,0.33,20171229
603315,福鞍股份,2.0,20150424
603299,井神股份,2.79,20151231
603111,康尼机电,7.38,20140801
603077,和邦生物,88.31,20120731
603032,德新交运,0.78,20170105
603016,新宏泰,0.7,20160701
601992,金隅集团,81.45,20110301
601727,上海电气,98.51,20081205
601669,中国电建,111.44,20111018
601390,中国中铁,183.28,20071203
601368,绿城水务,7.36,20150612
601118,海南橡胶,39.31,20110107
601098,中南传媒,17.96,20101028
601000,唐山港,55.74,20100705
600984,建设机械,7.0,20040707
600965,福成股份,5.28,20040713
600869,智慧能源,21.78,19950206
600850,华东电脑,4.23,19940324
600848,上海临港,4.0,19940324
600844,丹化科技,8.23,19940311
600835,上海机电,8.07,19940224
600811,东方集团,32.73,19940106
600800,天津磁卡,6.11,19931206
600796,钱江生化,3.01,19970408
600784,鲁银投资,5.68,19961225
600768,宁波富邦,1.34,19961111
600766,园城黄金,2.24,19961028
600764,中国海防,3.3,19961104
600759,洲际油气,22.58,19961008
600753,东方银星,1.28,19960927
600751,海航科技,25.73,19960909
600750,江中药业,4.2,19960923
600745,闻泰科技,4.83,19960828
600733,SST前锋,0.76,19960816
600724,宁波富达,14.45,19960716
600687,刚泰控股,10.79,19931108
600678,四川金顶,3.49,19931008
600677,航天通信,4.16,19930928
600641,万业企业,8.06,19930407
600636,三爱富,4.26,19930316
600548,深高速,14.33,20011225
600515,海航基础,16.58,20020806
600506,香梨股份,1.48,20011226
600490,鹏欣资源,14.87,20030626
600485,信威集团,18.13,20030807
600469,风神股份,5.62,20031021
600335,国机汽车,10.3,20010305
600328,兰太实业,4.38,20001222
600318,新力金融,4.84,20001208
600317,营口港,64.73,20020131
600293,三峡新材,5.17,20000919
600251,冠农股份,7.85,20030609
600246,万通地产,12.17,20000922
600232,金鹰股份,3.65,20000602
600226,瀚叶股份,19.93,19991116
600221,海航控股,164.36,19991125
600217,中再资环,13.19,19991216
600212,江泉实业,5.12,19990817
600175,美都能源,24.51,19990408
600165,新日恒力,6.85,19980529
600158,中体产业,6.57,19980327
600148,长春一东,1.42,19980520
600146,商赢环球,2.0,19990707
600122,宏图高科,11.58,19980420
600112,天成控股,5.09,19971127
600086,东方金钰,10.57,19970606
600054,XD黄山旅,5.13,19970506
600052,浙江广厦,8.72,19970415
600027,华电国际,67.85,20050203
600022,山东钢铁,106.89,20040629
300740,御家汇,0.68,20180208
300683,海特生物,0.26,20170808
300680,隆盛科技,0.17,20170725
300670,大烨智能,0.27,20170703
300603,立昂技术,0.57,20170126
300586,美联新材,0.61,20170104
300561,汇金科技,0.67,20161117
300510,金冠电气,0.78,20160506
300491,通合科技,0.51,20151231
300464,星徽精密,0.91,20150610
300379,东方通,1.99,20140128
300362,天翔环境,1.92,20140121
300350,华鹏飞,2.35,20120821
300343,联创互联,3.75,20120801
300324,旋极信息,10.02,20120608
300317,珈伟股份,3.24,20120511
300306,远方信息,1.52,20120329
300299,富春股份,5.84,20120319
300247,乐金健康,5.78,20110729
300238,冠昊生物,1.89,20110706
300229,拓尔思,4.47,20110615
300198,纳川股份,7.82,20110407
300197,铁汉生态,14.69,20110329
300187,永清环保,5.96,20110308
300146,汤臣倍健,8.76,20101215
300131,英唐智控,6.28,20101019
300118,东方日升,6.92,20100902
300111,向日葵,11.17,20100827
300108,吉药控股,4.23,20100825
300072,三聚环保,13.74,20100427
300049,福瑞股份,2.28,20100120
300008,天海防务,6.02,20091030
002872,天圣制药,1.43,20170519
002866,传艺科技,0.47,20170426
002856,美芝股份,0.3,20170320
002843,泰嘉股份,0.84,20170120
002819,东方中科,0.44,20161111
002806,华锋股份,0.56,20160726
002802,洪汇新材,0.36,20160629
002778,高科石化,0.56,20160106
002739,万达电影,11.4,20150122
002723,金莱特,1.26,20140129
002721,金一文化,5.24,20140127
002719,麦趣尔,0.85,20140128
002716,金贵银业,3.67,20140128
002668,奥马电器,3.82,20120416
002665,首航节能,17.27,20120327
002656,摩登大道,4.48,20120228
002650,加加食品,9.45,20120106
002630,华西能源,9.7,20111111
002621,三垒股份,2.55,20110929
002617,露笑科技,10.47,20110920
002611,东方精工,10.28,20110830
002610,爱康科技,42.23,20110815
002609,捷顺科技,3.67,20110815
002602,世纪华通,7.98,20110728
002573,清新环境,10.79,20110422
002569,步森股份,1.4,20110412
002512,达华智能,6.4,20101203
002502,骅威文化,5.84,20101117
002493,荣盛石化,51.26,20101102
002485,希努尔,5.44,20101015
002477,雏鹰农牧,19.9,20100915
002464,众应互联,2.83,20100831
002450,康得新,28.9,20100716
002445,中南文化,8.01,20100713
002437,誉衡药业,21.66,20100623
002436,兴森科技,11.99,20100618
002431,棕榈股份,11.6,20100610
002426,胜利精密,20.88,20100608
002411,必康股份,2.94,20100525
002408,齐翔腾达,16.76,20100518
002369,卓翼科技,4.2,20100316
002361,神剑股份,6.0,20100303
002359,北讯集团,7.08,20100210
002321,华英农业,4.24,20091216
002310,东方园林,16.23,20091127
002309,中利集团,4.69,20091127
002301,齐心集团,6.4,20091021
002270,华明装备,4.31,20080905
002252,上海莱士,49.73,20080623
002239,奥特佳,30.09,20080522
002226,江南化工,9.11,20080506
002210,飞马国际,12.88,20080130
002171,楚江新材,10.28,20070921
002165,红 宝 丽,5.27,20070913
002147,新光圆成,5.37,20070808
002143,印纪传媒,9.69,20070720
002121,科陆电子,8.29,20070306
002113,天润数娱,8.05,20070208
002102,冠福股份,19.92,20061229
002098,浔兴股份,3.1,20061222
002089,新 海 宜,9.75,20061130
002086,东方海洋,4.76,20061128
002082,万邦德,2.28,20061120
002075,沙钢股份,22.07,20061025
002059,云南旅游,7.31,20060810
002053,云南能投,3.72,20060627
002051,中工国际,11.08,20060619
002043,兔 宝 宝,7.26,20050510
002011,盾安环境,8.4,20040705
000967,盈峰环境,7.44,20000330
000936,华西股份,7.48,19990810
000903,云内动力,17.41,19990415
000838,财信发展,6.32,19970626
000829,天音控股,9.54,19971202
000825,太钢不锈,20.8,19981021
000796,凯撒旅游,2.46,19970703
000793,华闻传媒,19.21,19970729
000779,三毛派神,1.86,19970528
000723,美锦能源,10.81,19970515
000711,京蓝科技,4.05,19970411
000673,当代东方,4.17,19970124
000669,金鸿控股,6.7,19961210
000666,经纬纺机,4.74,19961210
000616,海航投资,14.3,19961108
000611,天首发展,3.19,19961008
000603,盛达矿业,4.11,19960823
000584,哈工智能,6.11,19951128
000566,海南海药,11.03,19940525
000564,供销大集,18.88,19940110
000545,金浦钛业,9.59,19931215
000540,中天金融,65.06,19940202
000539,粤电力Ａ,25.54,19931126
000534,万泽股份,4.91,19940110
000526,紫光学大,0.96,19931101
000523,广州浪奇,4.46,19931108
000509,华塑控股,8.25,19930507
000505,京粮控股,3.6,19921221
000426,兴业矿业,13.3,19960828
000415,渤海金控,35.48,19960716
000408,藏格控股,4.47,19960628
000038,深大通,1.18,19940808
000035,中国天楹,11.68,19940408
000029,深深房Ａ,8.92,19930915
000022,深赤湾Ａ,4.65,19930505
000018,神州长城,7.53,19920616
000008,神州高铁,25.58,19920507
002044,美年健康,13.17,20050518
601100,恒立液压,8.82,20111028
000062,深圳华强,6.67,19970130
300003,乐普医疗,14.12,20091030
603823,百合花,0.7,20161220
300308,中际旭创,2.15,20120410
603569,长久物流,0.8,20160810
000990,诚志股份,3.88,20000706
603388,元成股份,0.84,20170324
002589,瑞康医药,11.76,20110610
600060,海信电器,13.08,19970422
603669,灵康药业,3.64,20150528
603808,歌力思,3.3,20150422
002352,顺丰控股,8.92,20100205
002607,亚夏汽车,7.05,20110810
603776,永安行,0.34,20170817
000901,航天科技,5.67,19990401
000019,深深宝Ａ,4.16,19921012
000963,华东医药,13.02,20000127
603630,拉芳家化,0.81,20170313
000777,中核科技,3.83,19970710
601888,中国国旅,19.52,20091015
300278,华昌达,2.68,20111216
002633,申科股份,1.49,20111122
603558,健盛集团,3.0,20150127
601021,春秋航空,8.0,20150121
600615,丰华股份,1.88,19920910
603080,新疆火炬,0.36,20180103
002841,视源股份,0.67,20170119
002480,新筑股份,6.41,20100921
002757,南兴装备,0.97,20150527
600630,龙头股份,4.25,19930209
000981,银亿股份,25.74,20000622
000663,永安林业,1.97,19961206
002200,云投生态,1.41,20071221
300291,华录百纳,5.97,20120209
002370,亚太药业,4.08,20100316
300162,雷曼股份,2.19,20110113
603012,创力集团,6.37,20150320
601901,方正证券,82.32,20110810
000776,广发证券,59.19,19970611
600306,商业城,1.77,20001226
002296,辉煌科技,3.17,20090929
000650,仁和药业,12.38,19961210
300244,迪安诊断,3.42,20110719
002100,天康生物,7.09,20061226
600271,航天信息,18.47,20030711
002724,海洋王,3.32,20141104
603300,华铁科技,4.05,20150529
300538,同益股份,0.24,20160826
600167,联美控股,8.22,19990128
300080,易成新能,5.02,20100625
300126,锐奇股份,2.11,20101013
600566,济川药业,8.1,20010822
000656,金科股份,52.16,19961128
002291,星期六,3.63,20090903
600023,浙能电力,136.01,20131219
002248,华东数控,3.07,20080612
002632,道明光学,5.62,20111122
002246,北化股份,4.14,20080605
002288,超华科技,8.0,20090903
600998,九州通,16.59,20101102
603393,新天然气,0.96,20160912
300351,永贵电器,2.39,20120920
600633,浙数文化,12.9,19930304
002783,凯龙股份,1.71,20151209
002010,传化智联,4.13,20040629
002173,创新医疗,2.03,20070925
600664,哈药股份,24.93,19930629
002831,裕同科技,1.19,20161216
603598,引力传媒,2.67,20150527
600580,卧龙电气,11.11,20020606
002864,盘龙药业,0.22,20171116
600570,恒生电子,6.18,20031216
300569,天能重工,1.05,20161125
002463,沪电股份,16.74,20100818
600575,皖江物流,31.25,20030328
600393,粤泰股份,9.88,20010319
002830,名雕股份,0.4,20161213
600792,云煤能源,9.9,19970123
300532,今天国际,1.2,20160818
600009,上海机场,10.93,19980218
002170,芭田股份,6.7,20070919
002641,永高股份,8.95,20111208
300325,德威新材,7.95,20120601
603960,克来机电,0.52,20170314
600116,三峡水利,9.93,19970804
300156,神雾环保,7.22,20110107
002504,弘高创意,4.15,20101118
300403,地尔汉宇,3.81,20141030
600573,惠泉啤酒,2.5,20030226
300666,江丰电子,1.16,20170615
300459,金科文化,7.73,20150515
002865,钧达股份,0.38,20170425
600699,均胜电子,9.49,19931206
600017,日照港,30.76,20061017
601799,星宇股份,2.76,20110201
603668,天马科技,1.86,20170117
000862,银星能源,5.01,19980915
600982,宁波热电,7.47,20040706
300665,飞鹿股份,0.45,20170613
600818,中路股份,2.38,19940128
002132,恒星科技,10.17,20070427
600103,青山纸业,10.62,19970703
002020,京新药业,5.09,20040715
002795,永和智控,0.64,20160428
002334,英威腾,5.78,20100113
002509,天广中茂,16.45,20101123
600518,康美药业,44.03,20010319
603506,南都物业,0.26,20180201
002747,埃斯顿,8.25,20150320
603389,亚振家居,0.63,20161215
601139,深圳燃气,28.39,20091225
000966,长源电力,11.08,20000316
600884,杉杉股份,8.22,19960130
600601,方正科技,21.95,19901219
601886,江河集团,9.41,20110818
300180,华峰超纤,6.84,20110222
600744,华银电力,8.28,19960905
600097,开创国际,2.03,19970619
002302,西部建设,10.32,20091103
002068,黑猫股份,6.07,20060915
002380,科远股份,1.43,20100331
000513,丽珠集团,4.59,19931028
600626,申达股份,7.1,19930107
300183,东软载波,2.64,20110222
000420,吉林化纤,16.63,19960802
000919,金陵药业,5.03,19991118
600731,湖南海利,3.27,19960802
002655,共达电声,3.6,20120217
600990,四创电子,1.37,20040510
600654,ST中安,7.55,19901219
600821,津劝业,4.16,19940128
002538,司尔特,6.99,20110118
603928,兴业股份,0.63,20161212
000043,中航善达,6.67,19940928
300270,中威电子,1.51,20111012
000902,新洋丰,11.68,19990408
603843,正平股份,1.93,20160905
603488,展鹏科技,0.96,20170516
002265,西仪股份,3.03,20080806
603968,醋化股份,2.04,20150518
300400,劲拓股份,1.56,20141010
600981,汇鸿集团,2.42,20040630
000801,四川九洲,10.23,19980506
603076,乐惠国际,0.19,20171113
600298,安琪酵母,8.24,20000818
300451,创业软件,3.33,20150514
300676,华大基因,0.4,20170714
002539,云图控股,4.78,20110118
002484,江海股份,7.6,20100929
002031,巨轮智能,18.91,20040816
000806,银河生物,6.98,19980416
300450,先导智能,4.57,20150518
600199,金种子酒,5.56,19980812
002652,扬子新材,4.32,20120119
002761,多喜爱,0.95,20150610
000667,美好置业,25.4,19961205
300688,创业黑马,0.17,20170810
002281,光迅科技,6.23,20090821
002063,远光软件,5.35,20060823
600276,恒瑞医药,36.62,20001018
300304,云意电气,8.39,20120321
300709,精研科技,0.22,20171019
000056,皇庭国际,2.86,19960708
600095,哈高科,3.61,19970708
002141,贤丰控股,6.37,20070720
601086,国芳集团,1.6,20170929
300112,万讯自控,1.65,20100827
600361,华联综超,6.66,20011129
600085,同仁堂,13.71,19970625
603991,至正股份,0.41,20170308
601998,中信银行,319.05,20070427
601678,滨化股份,15.44,20100223
600862,中航高科,7.91,19940520
002197,证通电子,4.35,20071218
300009,安科生物,6.55,20091030
002667,鞍重股份,1.59,20120329
300241,瑞丰光电,3.66,20110712
002314,南山控股,7.38,20091203
300509,新美星,0.5,20160425
000403,ST生化,2.65,19960628
300233,金城医药,3.55,20110622
600975,新五丰,6.53,20040609
600611,大众交通,15.63,19920807
300069,金利华电,0.92,20100421
002438,江苏神通,3.71,20100623
002728,特一药业,1.13,20140731
300475,聚隆科技,2.0,20150610
300550,和仁科技,0.29,20161018
601880,大连港,77.36,20101206
002078,太阳纸业,25.32,20061116
002714,牧原股份,6.0,20140128
300521,爱司凯,0.95,20160705
600543,莫高股份,3.21,20040324
300513,恒泰实达,0.61,20160530
300689,澄天伟业,0.17,20170809
600803,新奥股份,12.29,19940103
300448,浩云科技,2.13,20150424
300413,快乐购,2.06,20150121
002312,三泰控股,10.73,20091203
300649,杭州园林,0.32,20170505
000821,京山轻机,4.41,19980626
600346,恒力股份,9.19,20010820
002487,大金重工,5.4,20101015
603683,晶华新材,0.32,20171020
600038,中直股份,5.89,20001218
603055,XD台华新,0.68,20170921
603214,爱婴室,0.25,20180330
300035,中科电气,3.9,20091225
002023,海特高新,6.59,20040721
002007,华兰生物,8.03,20040625
000576,广东甘化,4.34,19940907
002449,国星光电,5.48,20100716
002382,蓝帆医疗,4.86,20100402
300609,汇纳科技,0.53,20170215
300723,一品红,0.4,20171116
002808,苏州恒久,0.88,20160812
600290,华仪电气,5.27,20001106
600163,中闽能源,9.99,19980602
000572,海马汽车,16.42,19940808
600978,宜华生活,14.83,20040824
002852,道道全,1.25,20170310
600917,重庆燃气,15.56,20140930
300637,扬帆新材,0.64,20170412
601126,四方股份,8.13,20101231
002230,科大讯飞,18.15,20080512
002295,精艺股份,2.31,20090929
600883,博闻科技,2.36,19951208
300153,科泰电源,3.2,20101229
603929,亚翔集成,0.97,20161230
002737,葵花药业,5.17,20141230
000703,恒逸石化,20.78,19970328
300488,恒锋工具,0.25,20150701
600939,重庆建工,4.1,20170221
000799,酒鬼酒,3.25,19970718
300347,泰格医药,3.33,20120817
000419,通程控股,5.43,19960816
600671,天目药业,1.22,19930823
300219,鸿利智汇,5.31,20110518
000078,海王生物,18.57,19981218
600191,华资实业,4.85,19981210
002741,光华科技,3.1,20150216
603600,永艺股份,2.5,20150123
002537,海联金汇,11.69,20110110
300280,南通锻压,1.28,20111229
000519,中兵红箭,7.35,19931008
300480,光力科技,0.65,20150702
603969,银龙股份,5.8,20150227
300342,天银机电,3.93,20120726
300095,华伍股份,2.28,20100728
300041,回天新材,2.59,20100108
601928,凤凰传媒,25.45,20111130
002441,众业达,3.92,20100706
002555,三七互娱,11.62,20110302
002530,金财互联,3.39,20101231
601991,大唐发电,99.94,20061220
300638,广和通,0.4,20170413
002567,唐人神,6.49,20110325
300576,容大感光,0.4,20161220
601616,广电电气,9.36,20110201
002009,天奇股份,2.71,20040629
600352,浙江龙盛,32.53,20030801
603959,百利科技,1.49,20160517
600359,新农开发,3.82,19990429
002372,伟星新材,11.73,20100318
000965,天保基建,11.1,20000406
002908,德生科技,0.33,20171020
002250,联化科技,8.89,20080619
000543,皖能电力,17.9,19931220
603589,口子窖,6.0,20150629
603626,科森科技,1.58,20170209
600482,中国动力,9.09,20040714
002130,沃尔核材,9.47,20070420
300137,先河环保,2.96,20101105
600403,大有能源,23.91,20031009
300613,富瀚微,0.13,20170220
300193,佳士科技,4.59,20110322
002564,天沃科技,6.02,20110310
002298,中电兴发,4.68,20090929
002846,英联股份,0.5,20170207
002566,益盛药业,2.25,20110318
300696,爱乐达,0.29,20170822
002483,润邦股份,5.75,20100929
002550,千红制药,9.04,20110218
600259,广晟有色,2.62,20000525
000690,宝新能源,20.39,19970128
000999,华润三九,9.78,20000309
600774,汉商集团,2.27,19961108
000536,华映科技,20.03,19931126
600330,天通股份,9.97,20010118
002214,大立科技,3.55,20080218
002360,同德化工,2.98,20100303
300339,润和软件,5.16,20120718
002156,通富微电,9.72,20070816
000877,天山股份,8.8,19990107
000929,兰州黄河,1.86,19990623
300675,建科院,0.37,20170719
603101,汇嘉时代,0.72,20160506
002205,国统股份,1.16,20080123
600115,东方航空,98.08,19971105
002150,通润装备,2.74,20070810
600343,航天动力,6.38,20030408
002706,良信电器,5.47,20140121
600143,金发科技,25.6,20040623
000681,视觉中国,2.8,19970121
300202,聚龙股份,4.12,20110415
000691,亚太实业,2.9,19970228
002735,王子新材,0.42,20141203
002732,燕塘乳业,1.56,20141205
000948,南天信息,2.46,19991014
603138,海量数据,0.34,20170306
002578,闽发铝业,5.48,20110428
601369,陕鼓动力,16.39,20100428
603828,柯利达,4.21,20150226
000065,北方国际,6.29,19980605
000767,漳泽电力,29.12,19970609
603903,中持股份,0.74,20170314
300282,三盛教育,2.23,20111229
002229,鸿博股份,4.15,20080508
600729,重庆百货,4.06,19960702
002251,步 步 高,8.19,20080619
300092,科新机电,1.67,20100708
600642,申能股份,45.52,19930416
300378,鼎捷软件,2.61,20140127
000861,海印股份,18.72,19981028
000850,华茂股份,9.43,19981007
600218,全柴动力,3.69,19981203
600676,交运股份,9.62,19930928
600517,置信电气,12.45,20031010
300681,英搏尔,0.19,20170725
603859,能科股份,0.5,20161021
600327,大东方,7.37,20020625
300259,新天科技,7.25,20110831
300125,易世达,1.73,20101013
600429,三元股份,8.85,20030915
000700,模塑科技,6.97,19970228
002678,珠江钢琴,9.54,20120530
002749,国光股份,0.82,20150320
600510,黑牡丹,7.96,20020618
300457,赢合科技,1.88,20150514
000525,红 太 阳,5.07,19931028
002274,华昌化工,4.9,20080925
002543,万和电气,3.73,20110128
300534,陇神戎发,1.84,20160913
600283,钱江水利,3.53,20001018
600622,光大嘉宝,8.69,19921203
002397,梦洁股份,4.28,20100429
002670,国盛金控,6.38,20120416
600629,华建集团,3.62,19930209
002690,美亚光电,3.27,20120731
603035,常熟汽饰,1.72,20170105
300321,同大股份,0.83,20120523
603696,安记食品,0.48,20151209
600372,中航电子,17.59,20010706
000980,众泰汽车,10.9,20000616
600262,北方股份,1.7,20000630
002685,华东重机,5.6,20120612
601588,北辰实业,26.6,20061016
300214,日科化学,3.05,20110511
000757,浩物股份,4.52,19970627
300039,上海凯宝,7.19,20100108
002514,宝馨科技,3.58,20101203
603773,沃格光电,0.24,20180417
002626,金达威,6.0,20111028
600089,特变电工,37.14,19970618
002136,安 纳 达,2.14,20070530
002322,理工环科,2.86,20091218
300094,国联水产,7.46,20100708
300654,世纪天鸿,0.35,20170926
600863,内蒙华电,58.08,19940520
300661,圣邦股份,0.32,20170606
600312,平高电气,13.57,20010221
603416,信捷电气,0.35,20161221
300171,东富龙,3.34,20110201
601929,吉视传媒,31.11,20120223
300148,天舟文化,7.64,20101215
000625,长安汽车,37.61,19970610
603887,城地股份,0.81,20161010
600535,天士力,15.13,20020823
300410,正业科技,1.85,20141231
002290,中科新材,1.64,20090903
002459,天业通联,3.87,20100810
000768,中航飞机,27.69,19970626
002788,鹭燕医药,1.06,20160218
300508,维宏股份,0.26,20160419
600279,重庆港九,6.93,20000731
002791,坚朗五金,0.8,20160329
300285,国瓷材料,4.08,20120113
603689,皖天然气,1.67,20170110
002428,云南锗业,6.44,20100608
300389,艾比森,1.64,20140801
002093,国脉科技,9.73,20061215
603168,莎普爱思,2.97,20140702
601558,ST锐电,57.07,20110113
002006,精功科技,4.55,20040625
300420,五洋停车,3.5,20150217
603986,兆易创新,2.07,20160818
300585,奥联电子,0.84,20161229
603586,金麒麟,1.0,20170406
000166,申万宏源,200.28,20150126
002189,利达光电,1.99,20071203
002863,今飞凯达,1.86,20170418
600793,宜宾纸业,1.05,19970220
002705,新宝股份,4.59,20140121
000096,广聚能源,5.11,20000724
300319,麦捷科技,4.72,20120523
600415,小商品城,54.43,20020509
002249,大洋电机,13.65,20080619
600168,武汉控股,7.1,19980427
000622,恒立实业,4.25,19961107
600098,广州发展,27.26,19970718
002687,乔治白,3.19,20120713
600053,九鼎投资,4.34,19970418
600719,大连热电,4.05,19960716
300360,炬华科技,2.75,20140121
300408,三环集团,16.42,20141203
300348,长亮科技,1.85,20120817
600855,航天长峰,3.3,19940425
002027,分众传媒,69.65,20040804
600765,中航重机,7.78,19961106
600584,长电科技,9.85,20030603
603126,中材节能,6.11,20140731
000705,浙江震元,2.82,19970410
603899,晨光文具,9.2,20150127
300169,天晟新材,2.58,20110125
002613,北玻股份,5.1,20110830
002025,航天电器,4.29,20040726
000571,新大洲Ａ,8.04,19940525
300175,朗源股份,4.62,20110215
002412,汉森制药,2.87,20100525
002052,同洲电子,7.46,20060627
603970,中农立华,0.4,20171116
300021,大禹节水,6.53,20091030
603069,海汽集团,1.74,20160712
600816,安信信托,46.73,19940128
300025,华星创业,3.89,20091030
002385,大北农,22.65,20100409
002651,利君股份,3.78,20120106
000007,全新好,3.09,19920413
002682,龙洲股份,2.88,20120612
603238,诺邦股份,0.3,20170222
600851,海欣股份,7.38,19940404
600035,楚天高速,14.91,20040310
000938,紫光股份,2.06,19991104
600333,长春燃气,5.3,20001211
600649,城投控股,24.21,19930518
600481,双良节能,16.2,20030422
300196,长海股份,2.55,20110329
600059,古越龙山,8.09,19970516
600608,ST沪科,3.18,19920327
600550,保变电气,15.35,20010228
600433,冠豪高新,12.71,20030619
300170,汉得信息,6.64,20110201
000598,兴蓉环境,29.86,19960529
002135,东南网架,6.71,20070530
603117,万林股份,2.72,20150629
002529,海源机械,2.0,20101224
002384,东山精密,7.75,20100409
002880,卫光生物,0.27,20170616
600491,龙元建设,9.48,20040524
603179,新泉股份,0.93,20170317
000828,东莞控股,10.4,19970617
002920,德赛西威,1.0,20171226
600496,精工钢构,15.1,20020605
000859,国风塑业,7.39,19981119
300611,美力科技,0.68,20170220
600311,荣华实业,6.66,20010626
000797,中国武夷,10.0,19970715
600565,迪马股份,23.66,20020723
002470,金正大,27.27,20100908
002347,泰尔股份,3.19,20100128
000987,越秀金控,5.38,20000718
300271,华宇软件,5.12,20111026
600967,内蒙一机,9.6,20040518
600526,菲达环保,5.47,20020722
600186,莲花健康,10.62,19980825
002067,景兴纸业,9.6,20060915
300693,盛弘股份,0.34,20170822
000010,美丽生态,5.22,19951027
002047,宝鹰股份,12.63,20050531
002232,启明信息,4.02,20080509
000025,特 力Ａ,2.71,19930621
600386,北巴传媒,8.06,20010216
603496,恒为科技,0.76,20170607
000715,中兴商业,2.79,19970508
600860,京城股份,3.22,19940506
002697,红旗连锁,8.64,20120905
300562,乐心医疗,0.84,20161116
600648,外高桥,9.35,19930504
601117,中国化学,49.33,20100107
000880,潍柴重机,1.35,19980402
601519,大智慧,19.88,20110128
600639,浦东金桥,7.03,19930326
600370,三房巷,7.97,20030306
002324,普利特,2.35,20091218
300498,温氏股份,35.73,20151102
002740,爱迪尔,2.84,20150122
002695,煌上煌,4.53,20120905
000546,金圆股份,5.73,19931215
603616,韩建河山,2.93,20150611
300087,荃银高科,3.53,20100526
002826,易明医药,1.32,20161209
002472,双环传动,5.45,20100910
600746,江苏索普,3.05,19960918
603789,星光农机,2.6,20150427
600385,山东金泰,1.43,20010723
000416,民生控股,5.32,19960719
603979,金诚信,5.85,20150630
002918,蒙娜丽莎,0.59,20171219
600237,铜峰电子,5.64,20000609
002734,利民股份,1.42,20150127
000836,鑫茂科技,12.08,19970929
603196,日播时尚,0.65,20170531
603336,宏辉果蔬,0.69,20161124
603033,三维股份,0.55,20161207
000875,吉电股份,19.54,20020926
002928,华夏航空,0.41,20180302
603896,寿仙谷,0.61,20170510
000428,华天酒店,7.19,19960808
000788,北大医药,5.72,19970616
603116,红蜻蜓,4.09,20150629
300034,钢研高纳,4.21,20091225
603385,惠达卫浴,2.64,20170405
600501,航天晨光,4.07,20010615
603577,汇金通,0.78,20161222
600881,亚泰集团,32.23,19951115
603916,苏博特,0.76,20171110
603516,淳中科技,0.33,20180202
002042,华孚时尚,15.18,20050427
600470,六国化工,5.22,20040305
300281,金明精机,2.21,20111229
600315,上海家化,6.71,20010315
600161,天坛生物,8.71,19980616
002107,沃华医药,3.49,20070124
603198,迎驾贡酒,8.0,20150528
002406,远东传动,4.16,20100518
000915,山大华特,2.33,19990609
600973,宝胜股份,8.95,20040802
600452,涪陵电力,1.6,20040303
000918,嘉凯城,18.04,19990720
600587,新华医疗,4.03,20020927
300301,长方集团,6.11,20120321
002893,华通热力,0.3,20170915
300252,金信诺,3.91,20110818
300338,开元股份,1.88,20120726
001965,招商公路,5.55,20171225
601789,宁波建工,9.76,20110816
002623,亚玛顿,1.6,20111013
300227,光韵达,1.52,20110608
300204,舒泰神,4.67,20110415
002403,爱仕达,2.89,20100511
603359,东珠景观,0.8,20170901
300358,楚天科技,1.5,20140121
300659,中孚信息,0.64,20170526
002478,常宝股份,6.09,20100921
000695,滨海能源,2.22,19970218
002899,英派斯,0.3,20170915
600790,轻纺城,14.66,19970228
300367,东方网力,5.49,20140129
300326,凯利泰,6.41,20120613
600475,华光股份,1.4,20030721
300359,全通教育,4.14,20140121
002062,宏润建设,9.52,20060816
300165,天瑞仪器,3.04,20110125
002017,东信和平,3.45,20040713
603056,德邦股份,1.0,20180116
603607,京华激光,0.32,20171025
000863,三湘印象,9.19,19970925
002615,哈尔斯,2.35,20110909
002818,富森美,0.92,20161109
000888,峨眉山Ａ,5.27,19971021
600845,宝信软件,5.82,19940311
000882,华联股份,24.82,19980616
601199,江南水务,9.35,20110317
000637,茂化实华,3.66,19961114
002254,泰和新材,6.11,20080625
600838,上海九百,4.01,19940224
002503,搜于特,20.24,20101117
000826,启迪桑德,11.88,19980225
002424,贵州百灵,7.32,20100603
002688,金河生物,5.33,20120713
002268,卫 士 通,8.1,20080811
300250,初灵信息,1.38,20110803
601890,亚星锚链,9.59,20101228
600132,重庆啤酒,4.84,19971030
000632,三木集团,4.65,19961121
002255,海陆重工,4.89,20080625
600533,栖霞建设,10.5,20020328
002476,宝莫股份,5.82,20100915
600422,昆药集团,6.76,20001206
600173,卧龙地产,7.25,19990415
600070,浙江富润,4.02,19970604
601515,东风股份,11.12,20120216
601238,广汽集团,60.6,20120329
002708,光洋股份,2.4,20140121
000778,新兴铸管,39.21,19970606
000785,武汉中商,2.51,19970711
600388,龙净环保,10.69,20001229
600018,上港集团,231.74,20061026
002104,恒宝股份,6.02,20070110
300154,瑞凌股份,3.14,20101229
002545,东方铁塔,6.18,20110211
002392,北京利尔,7.72,20100423
300046,台基股份,2.13,20100120
000538,云南白药,10.41,19931215
603799,华友钴业,5.86,20150129
002323,雅百特,3.18,20091218
601801,皖新传媒,19.89,20100118
002593,日上集团,4.67,20110628
002032,苏 泊 尔,5.45,20040817
002442,龙星化工,3.79,20100706
002202,金风科技,28.05,20071226
002513,蓝丰生化,2.5,20101203
000034,神州数码,3.58,19940509
000668,荣丰控股,1.47,19961210
600178,东安动力,4.62,19981014
002154,报 喜 鸟,11.14,20070816
601965,中国汽研,9.61,20120611
603557,起步股份,0.47,20170818
002490,山东墨龙,3.06,20101021
002556,辉隆股份,7.01,20110302
600825,新华传媒,10.45,19940204
600623,华谊集团,9.34,19921204
600406,国电南瑞,22.06,20031016
300328,宜安科技,4.1,20120619
300101,振芯科技,5.49,20100806
300151,昌红科技,2.87,20101222
002469,三维工程,4.63,20100908
002237,恒邦股份,8.36,20080520
002191,劲嘉股份,13.03,20071205
000407,胜利股份,7.38,19960703
000012,南 玻Ａ,17.36,19920228
000030,富奥股份,12.52,19930929
601607,上海医药,19.23,19940324
000589,黔轮胎Ａ,7.75,19960308
002420,毅昌股份,3.92,20100601
000157,中联重科,62.25,20001012
300114,中航电测,5.91,20100827
300013,新宁物流,2.35,20091030
601339,百隆东方,15.0,20120612
601212,白银有色,19.65,20170215
603268,松发股份,1.23,20150319
000552,靖远煤电,15.57,19940106
603848,好太太,0.41,20171201
300596,利安隆,1.22,20170119
002339,积成电子,3.03,20100122
300635,达安股份,0.4,20170331
300314,戴维医疗,1.89,20120508
002666,德联集团,4.44,20120327
600418,江淮汽车,18.93,20010824
600769,祥龙电业,3.75,19961101
002166,莱茵生物,3.54,20070913
600757,长江传媒,12.13,19961003
603878,武进不锈,1.01,20161219
601020,华钰矿业,2.84,20160316
603703,盛洋科技,1.09,20150423
601058,赛轮金宇,22.94,20110630
600858,银座股份,5.18,19940506
600836,界龙实业,6.63,19940224
600252,中恒集团,34.75,20001130
002363,隆基机械,3.86,20100305
000620,新华联,18.97,19961029
002243,通产丽星,3.65,20080528
600776,东方通信,9.56,19961126
002185,华天科技,21.3,20071120
002639,雪人股份,5.16,20111205
002753,永东股份,1.99,20150519
601718,际华集团,43.92,20100816
600603,广汇物流,5.04,19920113
002760,凤形股份,0.72,20150611
002178,延华智能,6.58,20071101
300377,赢时胜,4.28,20140127
600739,辽宁成大,15.3,19960819
002434,万里扬,10.19,20100618
300011,鼎汉技术,4.45,20091030
000889,茂业通信,6.22,19971218
002430,杭氧股份,8.3,20100610
600118,中国卫星,11.82,19970908
300298,三诺生物,4.05,20120319
600272,开开实业,1.6,20010228
600235,民丰特纸,3.51,20000615
600545,卓郎智能,6.76,20031203
600067,冠城大通,14.92,19970508
600182,S佳通,1.7,19990507
603520,司太立,0.65,20160309
002532,新界泵业,4.03,20101231
002558,巨人网络,4.27,20110302
000876,新 希 望,41.77,19980311
603355,莱克电气,4.01,20150513
002491,通鼎互联,11.87,20101021
002781,奇信股份,0.92,20151222
002559,亚威股份,3.06,20110303
002396,星网锐捷,5.34,20100623
300673,佩蒂股份,0.3,20170711
002654,万润科技,6.89,20120217
601969,海南矿业,19.55,20141209
002647,民盛金科,5.6,20111228
601177,杭齿前进,4.0,20101011
300581,晨曦航空,0.6,20161220
300047,天源迪科,2.83,20100120
000627,天茂集团,13.54,19961112
002812,创新股份,1.26,20160914
300502,新易盛,1.24,20160303
002586,围海股份,6.94,20110602
002637,赞宇科技,2.4,20111125
002081,金 螳 螂,25.59,20061120
600316,洪都航空,7.17,20001215
603766,隆鑫通用,20.94,20120810
002350,北京科锐,4.87,20100203
002448,中原内配,4.59,20100716
600467,好当家,14.61,20040405
300720,海川智能,0.18,20171106
300234,开尔新材,1.52,20110622
603980,吉华集团,2.46,20170615
000701,厦门信达,3.78,19970226
002275,桂林三金,5.33,20090710
002689,远大智能,9.4,20120717
002167,东方锆业,4.89,20070913
300064,豫金刚石,6.76,20100326
002608,江苏国信,5.39,20110810
002792,通宇通讯,0.71,20160328
300211,亿通科技,1.86,20110505
603030,全筑股份,5.34,20150320
600183,生益科技,21.17,19981028
603536,惠发股份,0.6,20170613
600549,厦门钨业,14.06,20021107
300700,岱勒新材,0.21,20170912
002342,巨力索具,8.81,20100126
002847,盐津铺子,0.35,20170208
601231,环旭电子,21.76,20120220
002700,新疆浩源,3.13,20120921
300345,红宇新材,3.27,20120801
300300,汉鼎宇佑,3.83,20120319
000856,冀东装备,2.27,19980813
000688,建新矿业,11.37,19970120
600381,青海春天,2.12,20010508
002481,双塔食品,11.27,20100921
300631,久吾高科,0.71,20170323
300397,天和防务,1.55,20140910
600106,重庆路桥,10.98,19970618
603338,浙江鼎力,2.27,20150325
600462,九有股份,5.34,20030903
002049,紫光国微,6.05,20050606
000729,燕京啤酒,25.09,19970716
600785,新华百货,2.26,19970108
300458,全志科技,2.95,20150515
300019,硅宝科技,2.71,20091030
600756,浪潮软件,3.24,19960923
600012,皖通高速,11.66,20030107
603966,法兰泰克,0.93,20170125
000719,中原传媒,6.67,19970331
300599,雄塑科技,0.91,20170123
600961,株冶集团,5.27,20040830
600996,贵广网络,2.98,20161226
300189,神农基因,8.83,20110316
600435,北方导航,14.89,20030704
000411,英特集团,2.07,19960716
002780,三夫户外,0.65,20151209
002579,中京电子,3.52,20110506
002790,瑞尔特,0.64,20160308
000935,四川双马,7.63,19990824
000630,铜陵有色,95.61,19961120
600833,第一医药,2.23,19940224
300396,迪瑞医疗,2.47,20140910
000502,绿景控股,1.83,19921123
300059,东方财富,41.53,20100319
002625,光启技术,4.27,20111103
600100,同方股份,29.64,19970627
300026,红日药业,23.9,20091030
000159,国际实业,4.81,20000926
600805,悦达投资,8.5,19940103
601019,山东出版,2.67,20171122
002771,真视通,0.78,20150629
300717,华信新材,0.26,20171106
601717,郑煤机,14.83,20100803
000605,渤海股份,1.95,19960913
002284,亚太股份,6.86,20090828
002269,美邦服饰,25.13,20080828
000070,特发信息,5.42,20000511
002521,齐峰新材,4.3,20101210
600758,红阳能源,6.76,19961029
600270,外运发展,9.05,20001228
600493,凤竹纺织,2.72,20040421
601872,招商轮船,47.21,20061201
000404,华意压缩,6.93,19960619
300363,博腾股份,3.08,20140129
002624,完美世界,4.66,20111028
600068,葛洲坝,46.05,19970526
300147,香雪制药,6.6,20101215
600681,百川能源,3.27,19931018
002137,麦达数字,2.83,20070613
300447,全信股份,1.6,20150422
002522,浙江众成,8.51,20101210
300237,美晨生态,11.67,20110629
300651,金陵体育,0.25,20170509
002825,纳尔股份,0.41,20161129
603933,睿能科技,0.36,20170706
300369,绿盟科技,5.98,20140129
002505,大康农业,54.85,20101118
603058,永吉股份,2.28,20161223
600897,厦门空港,2.98,19960531
603335,迪生力,1.56,20170620
300322,硕贝德,3.68,20120608
000498,山东路桥,4.41,19970609
000400,许继电气,10.08,19970418
603717,天域生态,1.22,20170327
002779,中坚科技,0.4,20151209
601333,广深铁路,56.52,20061222
002316,亚联发展,3.15,20091209
000860,顺鑫农业,5.71,19981104
002816,和科达,0.57,20161025
600824,益民集团,10.54,19940204
002003,伟星股份,6.22,20040625
000027,深圳能源,39.64,19930903
600072,中船科技,6.01,19970603
600029,南方航空,70.23,20030725
600382,广东明珠,3.42,20010118
600879,航天电子,24.13,19951115
300465,高伟达,4.27,20150528
300628,亿联网络,0.75,20170317
600307,酒钢宏兴,62.63,20001220
002267,陕天然气,11.12,20080813
002131,利欧股份,34.03,20070427
001696,宗申动力,8.92,19970306
600650,锦江投资,3.91,19930607
600713,南京医药,8.97,19960701
600114,东睦股份,6.28,20040511
600284,浦东建设,9.7,20040316
600873,梅花生物,31.08,19950217
600242,中昌数据,3.03,20001207
002215,诺 普 信,7.25,20080218
600988,赤峰黄金,14.26,20040414
603060,国检集团,0.64,20161109
002599,盛通股份,1.9,20110715
002528,英飞拓,8.39,20101224
300203,聚光科技,4.52,20110415
000969,安泰科技,9.06,20000529
002158,汉钟精机,5.3,20070817
601949,中国出版,3.65,20170821
600077,宋都股份,13.4,19970520
600055,万东医疗,4.85,19970519
601208,东材科技,6.27,20110520
600726,华电能源,15.35,19960701
002868,绿康生化,0.38,20170503
002823,凯中精密,1.0,20161124
601966,玲珑轮胎,3.94,20160706
600200,江苏吴中,7.09,19990401
002057,中钢天源,2.99,20060802
000883,湖北能源,53.46,19980519
600717,天津港,16.75,19960614
000516,国际医学,19.33,19930809
600872,中炬高新,7.97,19950124
002755,东方新星,1.72,20150515
002701,奥瑞金,17.98,20121011
600099,林海股份,2.19,19970704
300163,先锋新材,3.3,20110113
600613,神奇制药,4.79,19920820
600159,大龙地产,8.3,19980526
002026,山东威达,3.75,20040727
300218,安利股份,2.16,20110518
002142,宁波银行,44.91,20070719
000811,冰轮环境,6.05,19980528
000026,飞亚达Ａ,3.57,19930603
601599,鹿港文化,8.73,20110527
603709,中源家居,0.2,20180208
600929,湖南盐业,1.5,20180326
601158,重庆水务,48.0,20100329
600604,市北高新,13.34,19920327
601326,秦港股份,5.58,20170816
300276,三丰智能,2.0,20111115
002220,天宝食品,5.45,20080228
600373,中文传媒,13.78,20020304
600179,安通控股,6.74,19981104
600249,两面针,5.5,20040130
002072,凯瑞德,1.76,20061018
603609,禾丰牧业,8.31,20140808
603730,岱美股份,0.48,20170728
600229,城市传媒,4.3,20000309
603977,国泰集团,1.76,20161111
600652,游久游戏,8.33,19901219
603313,梦百合,0.82,20161013
601169,北京银行,182.48,20070919
000960,锡业股份,12.09,20000221
603909,合诚股份,0.25,20160628
002328,新朋股份,3.25,20091230
000881,中广核技,3.08,19980902
300365,恒华科技,2.17,20140123
600127,金健米业,6.42,19980506
002379,宏创控股,5.97,20100331
002557,洽洽食品,5.07,20110302
300387,富邦股份,2.23,20140702
600894,广日股份,8.6,19960328
000978,桂林旅游,3.6,20000518
600983,惠而浦,5.33,20040727
300481,濮阳惠成,1.2,20150630
002910,庄园牧场,0.47,20171031
300455,康拓红外,5.0,20150515
601188,龙江交通,13.16,20100319
000905,厦门港务,5.31,19990429
600257,大湖股份,4.27,20000612
603920,世运电路,1.28,20170426
600305,恒顺醋业,7.84,20010206
600658,电子城,11.19,19930524
600926,杭州银行,14.87,20161027
002416,爱施德,11.73,20100528
002748,世龙实业,2.4,20150319
002526,山东矿机,8.88,20101217
000760,斯太尔,6.54,19970627
000638,万方发展,3.09,19961126
300199,翰宇药业,5.64,20110407
600761,安徽合力,7.4,19961009
601689,拓普集团,2.45,20150319
603128,华贸物流,9.55,20120529
002561,徐家汇,3.97,20110303
600576,祥源文化,4.8,20030220
300726,宏达电子,0.4,20171121
002364,中恒电气,5.2,20100305
002258,利尔化学,5.24,20080708
600527,江南高纤,12.03,20031127
002661,克明面业,3.27,20120316
600783,鲁信创投,7.44,19961225
002772,众兴菌业,3.6,20150626
300159,新研股份,9.51,20110107
002743,富煌钢构,3.32,20150217
601968,宝钢包装,8.33,20150611
600171,上海贝岭,6.74,19980924
603181,皇马科技,0.5,20170824
002583,海能达,10.48,20110527
600612,老凤祥,3.17,19920814
600177,雅戈尔,35.81,19981119
603260,合盛硅业,0.7,20171030
603042,华脉科技,1.01,20170602
601127,小康股份,1.8,20160615
600368,五洲交通,11.26,20001221
000702,正虹科技,2.67,19970318
000521,美菱电器,8.02,19931018
000058,深 赛 格,5.38,19961226
600509,天富能源,9.06,20020228
603161,科华控股,0.33,20180105
600398,海澜之家,44.93,20001228
002381,双箭股份,2.32,20100402
000153,丰原药业,3.12,20000920
600285,羚锐制药,5.35,20001018
603919,金徽酒,1.16,20160310
002004,华邦健康,17.28,20040625
000928,中钢国际,7.43,19990312
600123,兰花科创,11.42,19981217
603517,绝味食品,1.64,20170317
002109,兴化股份,5.45,20070126
603083,剑桥科技,0.24,20171110
600090,同济堂,7.03,19970616
002216,三全食品,5.71,20080220
000582,北部湾港,2.63,19951102
600993,马应龙,4.3,20040517
600162,香江控股,23.74,19980609
300213,佳讯飞鸿,3.76,20110505
300017,网宿科技,16.08,20091030
600119,长江投资,3.07,19980115
600007,中国国贸,10.07,19990312
603716,塞力斯,0.96,20161031
000619,海螺型材,3.6,19961023
002177,御银股份,6.45,20071101
601985,中国核电,155.65,20150610
002479,富春环保,7.3,20100921
600637,东方明珠,26.27,19930316
600980,北矿科技,1.43,20040512
300737,科顺股份,1.53,20180125
300334,津膜科技,2.75,20120705
600190,锦州港,17.79,19990609
300432,富临精工,3.77,20150319
002365,永安药业,2.38,20100305
601106,中国一重,65.38,20100209
603628,清源股份,0.89,20170112
601866,中远海发,79.32,20071212
600356,恒丰纸业,2.99,20010419
603088,宁波精达,1.12,20141111
002368,太极股份,4.0,20100312
601366,利群股份,4.75,20170412
300686,智动力,0.31,20170804
601952,苏垦农发,4.09,20170515
000920,南方汇通,4.22,19990616
300436,广生堂,1.12,20150422
002631,德尔未来,6.47,20111111
603926,铁流股份,0.65,20170510
603618,杭电股份,6.87,20150217
002066,瑞泰科技,2.31,20060823
300105,龙源技术,5.13,20100820
600592,龙溪股份,4.0,20020805
300589,江龙船艇,0.6,20170113
300446,乐凯新材,1.18,20150423
002307,北新路桥,8.92,20091111
300587,天铁股份,0.42,20170105
002642,荣之联,4.96,20111220
603005,晶方科技,1.72,20140210
600064,南京高科,12.36,19970506
000718,苏宁环球,22.89,19970408
000503,国新健康,8.99,19921130
600738,兰州民百,4.21,19960802
300119,瑞普生物,2.05,20100917
300610,晨化股份,0.5,20170213
002551,尚荣医疗,4.08,20110225
000830,鲁西化工,14.64,19980807
002297,博云新材,3.97,20090929
603306,华懋科技,2.77,20140926
002391,长青股份,2.38,20100416
002329,皇氏集团,5.14,20100106
600170,上海建工,84.87,19980623
600025,华能水电,18.0,20171215
000722,湖南发展,4.64,19970522
000068,华控赛格,10.07,19970611
600712,南宁百货,5.38,19960626
600105,永鼎股份,9.9,19970929
002489,浙江永强,18.76,20101021
600882,广泽股份,4.03,19951206
603877,太平鸟,1.99,20170109
601010,文峰股份,18.48,20110603
002340,格林美,31.14,20100122
600853,龙建股份,5.37,19940404
000716,黑芝麻,5.81,19970418
600008,首创股份,48.21,20000427
000570,苏常柴Ａ,4.11,19940701
603656,泰禾光电,0.63,20170321
603319,湘油泵,0.57,20161130
002658,雪迪龙,3.04,20120309
000547,航天发展,9.66,19931130
600827,百联股份,15.43,19940204
002759,天际股份,1.26,20150528
002527,新时达,4.22,20101224
000541,佛山照明,10.72,19931123
300251,光线传媒,27.52,20110803
002912,中新赛克,0.27,20171121
000952,广济药业,2.52,19991112
600320,振华重工,27.68,20001221
300140,中环装备,2.45,20101112
600288,大恒科技,4.37,20001129
600829,人民同泰,5.8,19940224
600379,宝光股份,2.36,20020116
603595,东尼电子,0.25,20170712
600936,广西广电,11.96,20160815
300318,博晖创新,5.7,20120523
603806,福斯特,5.23,20140905
000900,现代投资,15.17,19990128
002305,南国置业,16.23,20091106
002375,亚厦股份,12.52,20100323
002402,和而泰,7.19,20100511
300623,捷捷微电,0.98,20170314
300664,鹏鹞环保,0.8,20180105
002320,海峡股份,5.58,20091216
300215,电科院,5.97,20110511
002862,实丰文化,0.31,20170411
000401,冀东水泥,13.47,19960614
600820,隧道股份,31.44,19940128
600770,综艺股份,13.0,19961120
600725,ST云维,12.32,19960702
002351,漫步者,2.99,20100205
600834,申通地铁,4.77,19940224
600802,福建水泥,3.82,19940103
603958,哈森股份,0.66,20160629
603289,泰瑞机器,0.66,20171031
600488,天药股份,9.61,20010618
000607,华媒控股,8.85,19960830
600841,上柴股份,5.22,19940311
000958,东方能源,6.66,19991223
601200,上海环境,6.72,20170331
002060,粤 水 电,12.02,20060810
600986,科达股份,5.4,20040426
600169,太原重工,25.64,19980904
000970,中科三环,10.65,20000420
600269,赣粤高速,23.35,20000518
000899,赣能股份,6.47,19971126
600513,联环药业,2.85,20030319
002709,天赐材料,1.79,20140123
002664,长鹰信质,3.35,20120316
000612,焦作万方,11.9,19960926
300575,中旗股份,0.34,20161220
300168,万达信息,10.23,20110125
603661,恒林股份,0.25,20171121
300023,宝德股份,1.44,20091030
002140,东华科技,4.4,20070712
603861,白云电器,1.21,20160322
002452,长高集团,3.7,20100720
600767,ST运盛,3.41,19961115
601777,力帆股份,12.37,20101125
600456,宝钛股份,4.3,20020412
002153,石基信息,4.84,20070813
600577,精达股份,19.55,20020911
600080,金花股份,3.05,19970612
600108,亚盛集团,19.47,19970818
600661,新南洋,2.59,19930614
002540,亚太科技,7.05,20110118
600995,文山电力,4.79,20040615
002717,岭南股份,5.31,20140219
002600,领益智造,13.28,20110715
002277,友阿股份,14.17,20090717
300406,九强生物,3.16,20141030
000809,铁岭新城,8.25,19980616
300262,巴安水务,4.56,20110916
002433,太安堂,6.92,20100618
600822,上海物贸,3.96,19940204
603099,长白山,2.67,20140822
600505,西昌电力,3.65,20020530
300277,海联讯,3.34,20111123
002073,软控股份,7.49,20061018
600360,华微电子,7.38,20010316
603987,康德莱,1.9,20161121
002827,高争民爆,0.63,20161209
603817,海峡环保,1.8,20170220
603318,派思股份,3.61,20150424
600409,三友化工,20.37,20030618
300103,达刚路机,2.51,20100812
600624,复旦复华,6.85,19930105
601128,常熟银行,9.97,20160930
601107,四川成渝,21.63,20090727
002446,盛路通信,4.24,20100713
000906,浙商中拓,5.56,19990707
600614,鹏起科技,12.91,19920828
603998,方盛制药,4.25,20141205
601958,金钼股份,32.27,20080417
000911,南宁糖业,3.24,19990527
000721,西安饮食,4.36,19970430
300392,腾信股份,2.59,20140910
002393,力生制药,1.82,20100423
600187,国中水务,14.56,19981111
300516,久之洋,0.47,20160602
600959,江苏有线,38.85,20150428
002039,黔源电力,3.05,20050303
603726,朗迪集团,0.33,20160421
600137,浪莎股份,0.97,19980416
600396,金山股份,11.65,20010328
000897,津滨发展,16.17,19990422
002046,轴研科技,3.41,20050526
300703,创源文化,0.3,20170919
300421,力星股份,1.21,20150217
600979,广安爱众,7.18,20040906
300207,欣旺达,11.32,20110421
603858,步长制药,3.28,20161118
002801,微光股份,0.29,20160622
603363,傲农生物,0.6,20170926
600864,哈投股份,15.78,19940809
000758,中色股份,19.69,19970416
600295,鄂尔多斯,6.12,20010426
600107,美尔雅,3.6,19971106
600210,紫江企业,15.17,19990824
600336,澳柯玛,7.32,20001229
002087,新野纺织,8.16,20061130
002832,比音勒芬,0.79,20161223
603208,江山欧派,0.31,20170210
600255,梦舟股份,17.7,20001122
300117,嘉寓股份,7.14,20100902
300027,华谊兄弟,19.2,20091030
300145,中金环境,7.41,20101209
600353,旭光股份,5.44,20021120
002628,成都路桥,7.25,20111103
002144,宏达高科,1.37,20070803
603567,珍宝岛,8.49,20150424
603633,徕木股份,0.83,20161117
300341,麦迪电气,3.69,20120726
000600,建投能源,10.9,19960606
600594,XD益佰制,7.92,20040323
601163,三角轮胎,2.8,20160909
600900,长江电力,115.06,20031118
603098,森特股份,0.75,20161216
002785,万里石,0.97,20151223
603881,数据港,1.28,20170208
002404,嘉欣丝绸,3.99,20100511
603189,网达软件,1.1,20160914
002019,亿帆医药,7.08,20040713
600819,耀皮玻璃,7.47,19940128
300240,飞力达,3.65,20110706
002378,章源钨业,9.23,20100331
603229,奥翔药业,0.54,20170509
300571,平治信息,0.69,20161213
002703,浙江世宝,4.5,20121102
002149,西部材料,4.25,20070810
000837,秦川机床,5.83,19980928
600874,创业环保,10.87,19950630
300344,太空智造,2.05,20120801
600243,青海华鼎,2.37,20001120
000601,韶能股份,10.8,19960830
600101,明星电力,3.24,19970627
002225,濮耐股份,6.5,20080425
000548,湖南投资,4.99,19931220
600831,广电网络,5.63,19940224
000066,中国长城,24.91,19970626
603006,联明股份,0.71,20140630
300102,乾照光电,6.82,20100812
002036,联创电子,3.95,20040903
002455,百川股份,3.16,20100803
300045,华力创通,3.66,20100120
300016,北陆药业,2.54,20091030
300190,维尔利,7.11,20110316
000665,湖北广电,6.36,19961210
603639,海利尔,0.54,20170112
002765,蓝黛传动,2.55,20150612
601116,三江购物,4.02,20110302
600616,金枫酒业,5.15,19920929
603222,济民制药,3.2,20150217
002439,启明星辰,5.75,20100623
603316,诚邦股份,1.05,20170619
600619,海立股份,4.61,19921116
002354,天神娱乐,5.55,20100209
300223,北京君正,1.2,20110531
603041,美思德,0.47,20170330
600595,中孚实业,17.42,20020626
600120,浙江东方,6.65,19971201
002467,二六三,6.29,20100908
600111,北方稀土,36.33,19970924
300182,捷成股份,13.91,20110222
600139,西部资源,6.62,19980225
300417,南华仪器,0.29,20150123
002718,友邦吊顶,0.26,20140128
603596,伯特利,0.41,20180427
002344,海宁皮城,12.71,20100126
000421,南京公用,5.73,19960806
603225,新凤鸣,1.19,20170418
300254,仟源医药,1.56,20110819
000581,威孚高科,8.36,19980924
000488,晨鸣纸业,11.05,20001120
300220,金运激光,1.25,20110525
000561,烽火电子,5.94,19940509
600063,皖维高新,19.26,19970528
300449,汉邦高科,1.01,20150422
000032,深桑达Ａ,2.79,19931028
600723,首商股份,6.58,19960716
002163,中航三鑫,8.03,20070823
603680,今创集团,0.42,20180227
002266,浙富控股,16.32,20080806
000530,大冷股份,5.99,19931208
002315,焦点科技,1.26,20091209
600908,无锡银行,8.04,20160923
603167,渤海轮渡,4.81,20120906
600480,凌云股份,3.62,20030815
603298,杭叉集团,1.71,20161227
600732,ST新梅,4.46,19960816
002542,中化岩土,6.84,20110128
600292,远达环保,7.81,20001101
300195,长荣股份,3.04,20110329
002546,新联电子,7.82,20110211
603036,如通股份,0.51,20161209
300133,华策影视,12.2,20101026
000040,东旭蓝天,10.6,19940808
000782,美达股份,4.46,19970619
603345,安井食品,1.23,20170222
600275,ST昌鱼,5.09,20000810
600220,江苏阳光,17.83,19990927
600026,中远海能,27.36,20020523
000099,中信海直,6.06,20000731
300526,中潜股份,0.6,20160802
300077,国民技术,5.42,20100430
002362,汉王科技,1.78,20100303
002091,江苏国泰,9.68,20061208
002325,洪涛股份,9.21,20091222
603100,川仪股份,2.59,20140805
603136,天目湖,0.2,20170927
600602,云赛智联,8.8,19901219
002677,浙江美大,2.83,20120525
000550,江铃汽车,5.18,19931201
002145,中核钛白,10.95,20070803
000031,中粮地产,18.14,19931008
600868,梅雁吉祥,18.98,19940912
000923,河北宣工,1.98,19990714
600843,上工申贝,3.05,19940311
300161,华中数控,1.65,20110113
000417,合肥百货,7.79,19960812
603017,中衡设计,2.75,20141231
002373,千方科技,8.39,20100318
000524,岭南控股,2.72,19931118
300273,和佳股份,5.62,20111026
600817,ST宏盛,1.56,19940128
002534,杭锅股份,7.28,20110110
600798,宁波海运,10.31,19970423
600747,ST大控,10.64,19960916
300079,数码科技,12.09,20100430
002506,协鑫集成,25.24,20101118
000652,泰达股份,14.74,19961128
603186,华正新材,0.74,20170103
600714,金瑞矿业,2.88,19960606
600021,上海电力,8.56,20031029
600963,岳阳林纸,10.43,20040525
002190,成飞集成,3.45,20071203
600192,长城电工,4.42,19981224
600426,华鲁恒升,16.15,20020620
300496,中科创达,2.29,20151210
600010,包钢股份,316.77,20010309
002786,银宝山新,1.37,20151223
000766,通化金马,5.73,19970430
600309,万华化学,27.34,20010105
603677,奇精机械,0.55,20170206
603882,金域医学,0.69,20170908
300222,科大智能,3.27,20110525
000759,中百集团,6.81,19970519
000635,英 力 特,3.03,19961120
600557,康缘药业,5.99,20020918
600775,南京熊猫,6.72,19961118
603737,三棵树,0.42,20160603
600301,ST南化,2.35,20000712
300399,京天利,1.34,20141009
603885,吉祥航空,17.97,20150527
000926,福星股份,9.48,19990618
002471,中超控股,12.59,20100910
300433,蓝思科技,6.7,20150318
300386,飞天诚信,2.31,20140626
600691,阳煤化工,17.56,19931119
300248,新开普,3.08,20110729
000520,长航凤凰,10.12,19931025
000517,荣安地产,30.36,19930806
000089,深圳机场,20.51,19980420
300414,中光防雷,1.57,20150513
002681,奋达科技,7.23,20120605
603020,爱普股份,3.2,20150325
002157,正邦科技,21.41,20070817
002415,海康威视,79.07,20100528
600508,上海能源,7.23,20010829
300626,华瑞股份,0.94,20170320
600233,圆通速递,7.83,20000608
600166,福田汽车,66.7,19980602
002037,久联发展,3.27,20040908
600782,新钢股份,27.87,19961225
603728,鸣志电器,1.76,20170509
002394,联发股份,3.24,20100423
300492,山鼎设计,0.25,20151223
300051,三五互联,2.45,20100211
603218,日月股份,0.99,20161228
001896,豫能控股,9.3,19980122
000017,深中华A,3.03,19920331
002242,九阳股份,7.67,20080528
300474,景嘉微,0.67,20160331
600561,江西长运,2.37,20020716
600355,精伦电子,4.92,20020613
300268,佳沃股份,0.98,20110927
600096,云天化,11.22,19970709
300375,鹏翎股份,2.42,20140127
600128,弘业股份,2.47,19970901
600502,安徽水利,9.11,20030415
601028,玉龙股份,7.83,20111107
600846,同济科技,6.25,19940311
300702,天宇股份,0.45,20170919
603333,明星电缆,5.2,20120507
300201,海伦哲,8.9,20110407
002236,大华股份,17.02,20080520
002056,横店东磁,16.43,20060802
600523,贵航股份,4.04,20011227
600421,ST仰帆,1.96,20040607
300043,星辉娱乐,9.09,20100120
603869,北部湾旅,2.68,20150326
603655,朗博科技,0.27,20171229
603356,华菱精工,0.33,20180124
600479,千金药业,3.66,20040312
600239,云南城投,16.06,19991202
600662,强生控股,10.53,19930614
300443,金雷风电,1.59,20150422
000685,中山公用,12.53,19970123
600088,中视传媒,3.98,19970616
300652,雷迪克,0.3,20170516
002429,兆驰股份,39.73,20100610
002671,龙泉股份,3.38,20120426
002186,全 聚 德,3.06,20071120
600152,维科技术,2.93,19980609
600856,中天能源,11.34,19940425
603599,广信股份,1.36,20150513
002663,普邦股份,11.89,20120316
002283,天润曲轴,11.25,20090821
600203,福日电子,3.6,19990514
300063,天龙集团,4.11,20100326
000610,西安旅游,2.35,19960926
600056,中国医药,10.12,19970515
603066,音飞储存,1.38,20150611
600857,宁波中百,2.24,19940425
600617,国新能源,8.98,19921013
601518,吉林高速,12.13,20100319
300191,潜能恒信,2.07,20110316
002111,威海广泰,2.85,20070126
000005,世纪星源,9.51,19901210
300489,中飞股份,0.72,20150701
000599,青岛双星,6.28,19960430
002875,安奈儿,0.39,20170601
002887,绿茵生态,0.4,20170801
000997,新 大 陆,9.31,20000807
601919,中远海控,76.36,20070626
002466,天齐锂业,11.36,20100831
000061,农 产 品,16.95,19970110
300577,开润股份,0.64,20161221
002495,佳隆股份,6.82,20101102
601579,会稽山,4.0,20140825
300441,鲍斯股份,2.48,20150423
002435,长江润发,3.12,20100618
300591,万里马,1.09,20170110
002155,湖南黄金,12.02,20070816
002038,双鹭药业,5.67,20040909
000568,泸州老窖,14.02,19940509
600528,中铁工业,18.38,20010528
000927,一汽夏利,15.95,19990727
000338,潍柴动力,43.15,20070430
000559,万向钱潮,27.53,19940110
603028,赛福天,1.16,20160331
002730,电光科技,2.9,20141009
300036,超图软件,3.28,20091225
002585,双星新材,8.52,20110602
300005,探路者,6.41,20091030
002293,罗莱生活,7.0,20090910
000985,大庆华科,1.3,20000726
600779,水井坊,4.89,19961206
603663,三祥新材,0.49,20160801
002079,苏州固锝,7.26,20061116
300331,苏大维格,1.31,20120628
300106,西部牧业,2.1,20100820
002407,多氟多,5.44,20100518
300024,机器人,15.14,20091030
002805,丰元股份,0.53,20160707
002034,旺能环境,0.9,20040826
601168,西部矿业,23.83,20070712
600653,申华控股,17.46,19901219
300246,宝莱特,1.08,20110719
600812,华北制药,16.31,19940114
603660,苏州科达,2.38,20161201
601216,君正集团,84.38,20110222
603023,威帝股份,3.6,20150527
300531,优博讯,1.22,20160809
603676,卫信康,0.63,20170721
002069,獐子岛,6.87,20060928
000917,电广传媒,12.95,19990325
300658,延江股份,0.42,20170602
600416,湘电股份,8.81,20020718
300287,飞利信,11.19,20120201
002562,兄弟科技,4.96,20110310
601377,兴业证券,66.97,20101013
603178,圣龙股份,0.5,20170328
603131,上海沪工,0.5,20160607
300733,西菱动力,0.4,20180116
603608,天创时尚,1.27,20160218
300556,丝路视觉,0.62,20161104
601828,美凯龙,3.15,20180117
603898,好莱客,0.91,20150217
600730,中国高科,5.87,19960726
600814,杭州解百,7.15,19940114
600909,华安证券,27.02,20161206
600839,四川长虹,46.14,19940311
600184,光电股份,4.19,20031106
600997,开滦股份,12.35,20040602
600196,复星医药,19.1,19980807
002195,二三四五,42.3,20071212
600704,物产中大,13.38,19960606
000712,锦龙股份,8.95,19970415
600647,同达创业,1.39,19930504
300231,银信科技,3.38,20110615
601877,正泰电器,17.29,20100121
603797,联泰环保,0.53,20170413
002094,青岛金王,5.99,20061215
002001,新 和 成,18.24,20040625
300275,梅安森,1.19,20111102
000592,平潭发展,19.13,19960327
603067,振华股份,1.56,20160913
000839,中信国安,39.19,19971031
000890,法 尔 胜,3.8,19990119
601011,宝泰隆,13.68,20110309
601900,南方传媒,1.76,20160215
300382,斯莱克,3.81,20140129
002638,勤上股份,9.79,20111125
600020,中原高速,22.47,20030808
600706,曲江文旅,1.78,19960516
002417,深南股份,2.24,20100601
601002,晋亿实业,7.93,20070126
600696,ST岩石,3.41,19931206
300138,晨光生物,3.75,20101105
002535,林州重机,5.36,20110111
600459,贵研铂业,3.39,20030516
600366,宁波韵升,9.88,20001030
600400,红豆股份,20.3,20010108
600039,四川路桥,30.2,20030325
300519,新光药业,0.99,20160624
603698,航天工程,4.12,20150128
002253,川大智胜,2.09,20080623
600599,熊猫金控,1.66,20010828
000586,汇源通信,1.93,19951220
600692,亚通股份,2.55,19931119
002151,北斗星通,2.55,20070813
002742,三圣股份,2.67,20150217
000413,东旭光电,40.95,19960925
603233,大参林,0.4,20170731
000751,锌业股份,14.1,19970626
600015,华夏银行,128.23,20030912
600635,大众公用,24.19,19930304
300053,欧比特,4.94,20100211
603380,易德龙,0.48,20170622
300583,赛托生物,0.34,20170106
002012,凯恩股份,4.68,20040705
300052,中青宝,2.6,20100211
300002,神州泰岳,13.94,20091030
300249,依米康,3.03,20110803
002494,华斯股份,2.95,20101102
603778,乾景园林,2.26,20151231
600605,汇通能源,1.47,19920327
600640,号百控股,5.89,19930407
603139,康惠制药,0.54,20170421
002282,博深工具,1.84,20090821
603357,设计总院,0.81,20170801
603000,人民网,11.06,20120427
300018,中元股份,3.46,20091030
000736,中交地产,4.46,19970425
300066,三川智慧,9.58,20100326
603883,老百姓,2.67,20150423
300530,达志科技,0.21,20160809
002605,姚记扑克,2.67,20110805
002196,方正电机,3.12,20071212
300445,康斯特,0.88,20150424
002444,巨星科技,10.12,20100713
600721,百花村,3.03,19960626
600919,江苏银行,60.08,20160802
002187,广百股份,3.42,20071122
601788,光大证券,39.07,20090818
603050,科林电气,0.8,20170414
002212,南洋股份,6.48,20080201
002793,东音股份,0.64,20160415
600976,健民集团,1.53,20040419
603203,快克股份,0.53,20161108
002523,天桥起重,11.75,20101210
600620,天宸股份,6.87,19921117
002033,丽江旅游,5.49,20040825
000931,中 关 村,7.02,19990712
002722,金轮股份,1.11,20140128
600876,洛阳玻璃,2.62,19951031
002738,中矿资源,1.31,20141230
603063,禾望电气,0.6,20170728
600560,金自天正,2.24,20020919
300329,海伦钢琴,2.51,20120619
603328,依顿电子,9.92,20140701
002105,信隆健康,3.69,20070112
300313,天山生物,1.82,20120425
603015,弘讯科技,4.0,20150303
600830,香溢融通,4.54,19940224
600219,南山铝业,70.88,19991223
600004,白云机场,20.69,20030428
600727,鲁北化工,3.51,19960702
300129,泰胜风能,4.91,20101019
002824,和胜股份,0.74,20170112
300662,科锐国际,0.45,20170608
600815,厦工股份,9.59,19940128
300084,海默科技,3.1,20100520
600248,延长化建,6.08,20000622
600628,新世界,5.32,19930119
603860,中公高科,0.17,20170802
300349,金卡智能,3.36,20120817
002659,凯文教育,3.1,20120309
002201,九鼎新材,3.12,20071226
002088,鲁阳节能,2.08,20061130
603612,索通发展,0.6,20170718
603022,新通联,2.0,20150518
603879,永悦科技,0.81,20170614
601211,国泰君安,75.16,20150626
002204,大连重工,19.31,20080116
300330,华虹计通,1.68,20120619
300205,天喻信息,4.25,20110421
601636,旗滨集团,25.77,20110812
002917,金奥博,0.28,20171208
603368,柳药股份,2.05,20141204
300535,达威股份,0.53,20160812
300236,上海新阳,1.9,20110629
002811,亚泰国际,0.45,20160908
603888,新华网,1.76,20161028
603922,金鸿顺,0.32,20171023
600933,爱柯迪,1.38,20171117
002174,游族网络,5.77,20070925
300380,安硕信息,0.71,20140128
000609,中迪投资,2.69,19961010
600589,广东榕泰,6.62,20010612
300741,华宝股份,0.62,20180301
000858,五 粮 液,37.96,19980427
300033,同花顺,2.64,20091225
002544,杰赛科技,5.12,20110128
600707,彩虹股份,7.36,19960520
002533,金杯电工,5.14,20101231
002048,宁波华翔,4.61,20050603
600363,联创光电,4.43,20010329
002280,联络互动,18.5,20090821
002024,苏宁易购,50.49,20040721
300416,苏试试验,0.77,20150122
300057,万顺股份,2.94,20100226
300307,慈星股份,7.93,20120329
000762,西藏矿业,4.76,19970708
600688,上海石化,73.29,19931108
600992,贵绳股份,2.45,20040514
603177,德创环保,0.62,20170207
300099,精准信息,3.92,20100806
300503,昊志机电,1.03,20160309
300428,四通新材,1.38,20150319
002015,霞客环保,4.01,20040708
603326,我乐家居,0.64,20170616
603200,上海洗霸,0.25,20170601
600674,川投能源,44.02,19930924
600875,东方电气,19.97,19951010
002591,恒大高新,1.82,20110621
300007,汉威科技,2.27,20091030
002568,百润股份,3.66,20110325
300075,数字政通,2.76,20100427
300493,润欣科技,1.55,20151210
600958,东方证券,51.88,20150323
002803,吉宏股份,0.46,20160712
002548,金新农,3.11,20110218
002758,华通医药,1.79,20150527
601101,昊华能源,12.0,20100331
600651,飞乐音响,9.85,19901219
002736,国信证券,82.0,20141229
600458,时代新材,6.61,20021219
603538,美诺华,0.75,20170407
300528,幸福蓝海,1.52,20160808
002837,英维克,0.68,20161229
300533,冰川网络,0.36,20160818
600195,中牧股份,4.3,19990107
300305,裕兴股份,2.3,20120329
300289,利德曼,3.21,20120216
002425,凯撒文化,8.04,20100608
300712,永福股份,0.35,20171031
600331,宏达股份,20.32,20011220
300032,金龙机电,7.89,20091225
600865,百大集团,3.76,19940809
300419,浩丰科技,2.27,20150122
002541,鸿路钢构,3.71,20110118
002355,兴民智通,3.9,20100209
600966,博汇纸业,13.37,20040608
002601,龙蟒佰利,7.02,20110715
300430,诚益通,1.55,20150319
600463,空港股份,3.0,20040318
300210,森远股份,3.52,20110426
000680,山推股份,10.57,19970122
603678,火炬电子,4.51,20150126
600861,北京城乡,3.17,19940520
600755,厦门国贸,18.16,19961003
603360,百傲化学,0.56,20170206
000528,柳 工,11.25,19931118
600743,华远地产,23.46,19960909
000623,吉林敖东,10.95,19961028
600511,国药股份,2.78,20021127
000798,中水渔业,3.19,19980212
603566,普莱柯,3.21,20150518
300684,中石科技,0.22,20171227
601999,出版传媒,5.51,20071221
000728,国元证券,29.46,19970616
600126,杭钢股份,9.27,19980311
603588,高能环境,6.54,20141229
600489,中金黄金,34.51,20030814
002733,雄韬股份,3.12,20141203
000021,深科技,14.69,19940202
603585,苏利股份,0.54,20161214
300022,吉峰农机,3.21,20091030
600530,交大昂立,7.8,20010702
300245,天玑科技,2.17,20110719
000988,华工科技,8.91,20000608
300265,通光线缆,3.37,20110916
002645,华宏科技,2.53,20111220
601007,金陵饭店,3.0,20070406
002272,川润股份,3.18,20080919
002101,广东鸿图,4.26,20061229
000425,徐工机械,69.94,19960828
300669,沪宁股份,0.26,20170629
002389,南洋科技,5.37,20100413
603701,德宏股份,0.7,20160412
002443,金洲管道,5.03,20100706
600326,西藏天路,8.65,20010116
603617,君禾股份,0.25,20170703
000753,漳州发展,8.84,19970626
000049,德赛电池,2.05,19950320
000961,中南建设,37.0,20000301
601198,东兴证券,27.58,20150226
600901,江苏租赁,6.4,20180301
603031,安德利,0.56,20160822
300695,兆丰股份,0.17,20170908
600748,上实发展,14.08,19960925
300494,盛天网络,0.88,20151231
300160,秀强股份,5.92,20110113
603993,洛阳钼业,129.54,20121009
300602,飞荣达,0.62,20170126
000687,华讯方舟,5.29,19970221
002401,中远海科,3.01,20100506
603528,多伦科技,1.88,20160503
600261,阳光照明,14.52,20000720
603803,瑞斯康达,2.2,20170420
000783,长江证券,55.29,19970731
603226,菲林格尔,0.22,20170615
002903,宇环数控,0.38,20171013
600697,欧亚集团,1.55,19931206
600082,海泰发展,6.33,19970620
601618,中国中冶,178.53,20090921
600051,宁波联合,3.11,19970410
600057,厦门象屿,21.38,19970604
300437,清水源,1.27,20150423
600308,华泰股份,11.68,20000928
002643,万润股份,8.76,20111220
002649,博彦科技,4.08,20120106
603358,华达科技,0.98,20170125
300364,中文在线,5.37,20150121
002726,龙大肉食,7.47,20140626
300460,惠伦晶体,1.68,20150515
603113,金能科技,3.32,20170511
603665,康隆达,0.37,20170313
601595,上海电影,1.06,20160817
603339,四方冷链,0.58,20160519
600781,辅仁药业,1.78,19961218
603721,中广天择,0.25,20170811
300221,银禧科技,4.22,20110525
300395,菲利华,2.67,20140910
000930,中粮生化,9.64,19990712
300580,贝斯特,0.66,20170111
002577,雷柏科技,2.81,20110428
000953,ST河化,2.94,19991202
000937,冀中能源,29.07,19990909
600287,江苏舜天,4.37,20000901
600895,张江高科,15.49,19960422
601328,交通银行,392.51,20070515
601015,陕西黑猫,9.3,20141105
600050,中国联通,211.97,20021009
601566,九牧王,5.75,20110530
603508,思维列控,0.65,20151224
002774,快意电梯,0.85,20170324
600006,东风汽车,20.0,19990727
000009,中国宝安,21.2,19910625
603779,威龙股份,0.93,20160516
300302,同有科技,2.45,20120321
300565,科信技术,0.71,20161122
300142,沃森生物,13.5,20101112
600537,亿晶光电,11.76,20030123
300336,新文化,4.53,20120710
603159,上海亚虹,0.25,20160812
603937,丽岛新材,0.52,20171102
603330,上海天洋,0.32,20170213
300563,神宇股份,0.32,20161114
002221,东华能源,15.04,20080306
600668,尖峰集团,3.44,19930728
300405,科隆股份,1.33,20141030
000597,东北制药,4.73,19960523
600547,山东黄金,14.52,20030828
300286,安科瑞,1.64,20120113
600728,佳都科技,13.79,19960716
002421,达实智能,15.07,20100603
002176,江特电机,14.42,20071012
000679,大连友谊,3.56,19970124
601989,中国重工,183.62,20091216
603110,东方材料,0.36,20171013
300699,光威复材,0.92,20170901
002636,金安国纪,2.46,20111125
300401,花园生物,4.3,20141009
600351,亚宝药业,6.92,20020926
002620,瑞和股份,3.03,20110929
600590,泰豪科技,6.65,20020703
300263,隆华节能,5.56,20110916
002768,国恩股份,0.87,20150630
300029,天龙光电,1.9,20091225
603699,纽威股份,7.5,20140117
002116,中国海诚,4.16,20070215
000662,天夏智慧,3.74,19961216
600551,时代出版,5.06,20020905
300711,广哈通信,0.36,20171101
002318,久立特材,8.14,20091211
603989,艾华集团,3.9,20150515
300698,万马科技,0.34,20170831
300615,欣天科技,0.4,20170215
603331,百达精工,0.32,20170705
600532,宏达矿业,3.96,20021031
300217,东方电热,8.92,20110518
002707,众信旅游,5.1,20140123
002338,奥普光电,2.4,20100115
300353,东土科技,3.51,20120927
600516,方大炭素,17.19,20020830
603286,日盈电子,0.46,20170627
603990,麦迪科技,0.6,20161208
002750,龙津药业,3.97,20150324
300442,普丽盛,0.72,20150424
002787,华源控股,1.04,20151231
002367,康力电梯,5.21,20100312
002224,三 力 士,4.7,20080425
002045,国光电器,4.16,20050523
002084,海鸥住工,4.05,20061124
002500,山西证券,28.29,20101115
600222,太龙药业,5.67,19991105
300663,科蓝软件,1.23,20170608
002883,中设股份,0.19,20170620
600058,五矿发展,10.72,19970528
603008,喜临门,3.15,20120717
603277,银都股份,0.66,20170911
603303,得邦照明,1.02,20170330
600898,国美通讯,2.53,19960418
600837,海通证券,80.92,19940224
002160,常铝股份,6.02,20070821
600428,中远海特,16.9,20020418
300515,三德科技,0.91,20160608
300158,振东制药,8.51,20110107
000692,惠天热电,5.33,19970227
300127,银河磁体,2.27,20101013
600690,青岛海尔,60.97,19931119
000998,隆平高科,9.53,20001211
603165,荣晟环保,0.44,20170117
300181,佐力药业,3.97,20110222
603767,中马传动,0.95,20170613
002511,中顺洁柔,12.58,20101125
000004,国农科技,0.83,19910114
600791,京能置业,4.52,19970130
300073,当升科技,3.35,20100427
300303,聚飞光电,10.21,20120319
000626,远大控股,4.05,19961128
600138,中青旅,7.24,19971203
000962,东方钽业,4.41,20000120
600073,上海梅林,9.38,19970704
300178,腾邦国际,5.32,20110215
002331,皖通科技,2.95,20100106
002553,南方轴承,2.21,20110225
600705,中航资本,76.19,19960516
600588,用友网络,18.73,20010518
601811,新华文轩,1.99,20160808
002867,周大生,1.63,20170427
600141,兴发集团,6.01,19990616
002292,奥飞娱乐,7.63,20090910
600797,浙大网新,8.4,19970418
300607,拓斯达,0.57,20170209
002683,宏大爆破,5.96,20120612
300640,德艺文创,0.52,20170417
603029,天鹅股份,0.37,20160427
600667,太极实业,11.91,19930728
300593,新雷能,0.67,20170113
300070,碧水源,20.36,20100421
600556,ST慧球,3.95,20010807
002731,萃华珠宝,1.28,20141104
300507,苏奥传感,0.57,20160429
601111,中国国航,94.49,20060818
300255,常山药业,6.1,20110819
603106,恒银金融,0.77,20170920
603002,宏昌电子,6.1,20120518
300738,奥飞数据,0.16,20180119
000531,穗恒运Ａ,6.85,19940106
300226,上海钢联,1.51,20110608
002756,永兴特钢,1.85,20150515
002460,赣锋锂业,7.86,20100810
601857,中国石油,1619.22,20071105
603169,兰石重装,10.25,20141009
603809,豪能股份,0.37,20171128
600160,巨化股份,26.58,19980626
603311,金海环境,2.1,20150518
600538,国发股份,4.64,20030114
300239,东宝生物,4.45,20110706
002106,莱宝高科,7.04,20070112
002261,拓维信息,9.69,20080723
000657,中钨高新,3.44,19961205
603322,超讯通信,0.45,20160728
600854,春兰股份,5.19,19940425
603615,茶花股份,0.75,20170213
002629,仁智股份,3.45,20111103
600037,歌华有线,11.68,20010208
002729,好利来,0.67,20140912
603090,宏盛股份,0.41,20160831
601808,中海油服,29.6,20070928
600378,天科股份,2.97,20010111
300462,华铭智能,0.68,20150527
300373,扬杰科技,2.33,20140123
002279,久其软件,5.8,20090811
002209,达 意 隆,1.91,20080130
600149,ST坊展,3.8,19991014
300643,万通智控,0.71,20170505
002839,张家港行,8.41,20170124
002930,宏川智慧,0.61,20180328
300020,银江股份,6.19,20091030
002117,东港股份,3.64,20070302
603976,正川股份,0.38,20170822
601666,平煤股份,23.61,20061123
601179,中国西电,51.26,20100128
300058,蓝色光标,16.62,20100226
300671,富满电子,0.35,20170705
300431,暴风集团,2.37,20150324
601555,东吴证券,28.91,20111212
600395,盘江股份,16.55,20010531
002330,得利斯,5.02,20100106
002273,水晶光电,7.99,20080919
600716,凤凰股份,9.1,19960702
000697,炼石有色,4.54,19970325
601038,一拖股份,5.94,20120808
002888,惠威科技,0.31,20170721
000686,东北证券,23.4,19970227
603580,艾艾精工,0.3,20170525
002763,汇洁股份,3.89,20150610
300497,富祥股份,0.6,20151222
000885,同力水泥,4.96,19990319
603366,日出东方,8.0,20120521
601918,新集能源,25.91,20071219
000514,渝 开 发,8.44,19930712
603917,合力科技,0.39,20171204
600512,腾达建设,15.37,20021226
002169,智光电气,6.59,20070919
000780,平庄能源,10.14,19970606
002807,江阴银行,7.18,20160902
000813,德展健康,10.81,19980519
300692,中环环保,0.4,20170821
300135,宝利国际,9.22,20101026
002103,广博股份,4.22,20070110
002327,富安娜,5.14,20091230
300621,维业股份,0.64,20170316
603855,华荣股份,2.02,20170524
600977,中国电影,5.65,20160809
603157,拉夏贝尔,0.55,20170925
300415,伊之密,3.01,20150123
603999,读者传媒,2.3,20151210
603527,众源新材,0.44,20170907
300037,新宙邦,2.44,20100108
600552,凯盛科技,7.41,20021108
300258,精锻科技,3.75,20110826
601898,中煤能源,91.52,20080201
601608,中信重工,43.0,20120706
002244,滨江集团,27.03,20080529
002669,康达新材,2.15,20120416
603738,泰晶科技,0.59,20160928
000968,蓝焰控股,5.14,20000622
603396,金辰股份,0.19,20171018
002092,中泰化学,20.34,20061208
002453,华软科技,5.49,20100720
600685,中船防务,8.21,19931028
603727,博迈科,0.95,20161122
600338,西藏珠峰,1.58,20001227
300625,三雄极光,0.91,20170317
002080,中材科技,6.4,20061120
601881,中国银河,12.29,20170123
000887,中鼎股份,12.19,19981203
603912,佳力图,0.52,20171101
600390,五矿资本,5.14,20010115
300648,星云股份,0.54,20170425
600425,青松建化,13.79,20030724
300394,天孚通信,1.64,20150217
000709,河钢股份,106.17,19970416
000554,泰山石油,3.63,19931215
300297,蓝盾股份,7.47,20120315
600016,民生银行,295.52,20001219
600207,安彩高科,6.9,19990714
002203,海亮股份,16.27,20080116
300520,科大国创,1.13,20160708
002842,翔鹭钨业,0.72,20170119
603679,华体科技,0.35,20170621
002152,广电运通,19.72,20070813
603611,诺力股份,2.24,20150128
300691,联合光电,0.34,20170811
600519,贵州茅台,12.56,20010827
600660,福耀玻璃,20.03,19930610
603089,正裕工业,0.31,20170126
300750,宁德时代,2.17,20180611
300209,天泽信息,2.51,20110426
600582,天地科技,41.39,20020515
600571,信雅达,4.24,20021101
300155,安居宝,2.78,20110107
002536,西泵股份,3.14,20110111
300483,沃施股份,0.32,20150630
603309,维力医疗,2.0,20150302
600216,浙江医药,9.47,19991021
000925,众合科技,4.41,19990611
603518,维格娜丝,1.48,20141203
600478,科力远,13.91,20030918
300453,三鑫医疗,1.09,20150515
002231,奥维通信,2.89,20080512
603826,坤彩科技,1.89,20170414
300030,阳普医疗,2.54,20091225
603323,吴江银行,6.07,20161129
002457,青龙管业,2.77,20100803
600703,三安光电,40.78,19960528
000617,中油资本,2.88,19961022
603685,晨丰科技,0.33,20171127
000100,TCL 集团,117.28,20040130
002595,豪迈科技,5.15,20110628
000551,创元科技,4.0,19940106
002845,同兴达,0.62,20170125
600172,黄河旋风,11.69,19981126
300608,思特奇,0.69,20170213
300194,福安药业,5.87,20110322
300461,田中精机,0.93,20150519
600075,新疆天业,8.32,19970617
300157,恒泰艾普,6.15,20110107
600499,科达洁能,14.11,20021010
300065,海兰信,2.74,20100326
002133,广宇集团,6.35,20070427
600028,中国石化,955.58,20010808
002074,国轩高科,11.13,20061018
002474,榕基软件,4.69,20100915
002817,黄山胶囊,0.42,20161025
600135,乐凯胶片,3.73,19980122
603166,福达股份,5.92,20141127
600225,天津松江,9.32,20000127
603499,翔港科技,0.25,20171016
603978,深圳新星,0.4,20170807
600708,光明地产,12.86,19960606
601229,上海银行,37.11,20161116
000558,莱茵体育,12.88,19940509
600960,渤海汽车,6.8,20040407
600644,乐山电力,5.38,19930426
002752,昇兴股份,1.7,20150422
603038,华立股份,0.37,20170116
300660,江苏雷利,0.45,20170602
000750,国海证券,42.16,19970709
603266,天龙股份,0.35,20170110
002192,融捷股份,2.37,20071205
000423,东阿阿胶,6.54,19960729
600507,方大特钢,13.26,20030930
600985,雷鸣科化,2.63,20040428
600885,宏发股份,7.45,19960205
300641,正丹股份,2.23,20170418
600736,苏州高新,11.94,19960815
002597,金禾实业,5.6,20110707
000050,深天马Ａ,14.01,19950315
300504,天邑股份,0.67,20180330
600665,天地源,8.64,19930709
600609,金杯汽车,10.93,19920724
000852,石化机械,5.98,19981126
600000,浦发银行,281.04,19991110
000725,京东方Ａ,338.6,20010112
300597,吉大通信,0.73,20170123
000608,阳光股份,7.5,19960919
603519,立霸股份,2.22,20150319
600597,光明乳业,12.24,20020828
600071,凤凰光学,2.37,19970528
601908,京运通,19.93,20110908
300539,横河模具,0.61,20160830
000677,恒天海龙,8.64,19961226
002751,易尚展示,0.93,20150424
300279,和晶科技,3.1,20111229
000671,阳 光 城,32.48,19961218
300370,安控科技,6.7,20140123
300485,赛升药业,2.11,20150626
600663,陆家嘴,24.45,19930628
300295,三六五网,1.77,20120315
300208,恒顺众昇,5.79,20110426
603321,梅轮电梯,0.77,20170915
600487,亨通光电,17.38,20030822
600369,西南证券,56.45,20010109
300604,长川科技,0.66,20170417
000039,中集集团,12.68,19940408
600444,国机通用,1.05,20040219
002405,四维图新,10.35,20100518
300206,理邦仪器,3.44,20110421
603239,浙江仙通,0.91,20161230
600125,铁龙物流,13.06,19980511
002767,先锋电子,0.68,20150612
300315,掌趣科技,27.01,20120511
601500,通用股份,1.75,20160919
002366,台海核电,4.89,20100312
600711,盛屯矿业,14.97,19960531
002574,明牌珠宝,5.28,20110422
601677,明泰铝业,4.98,20110919
600679,上海凤凰,1.91,19931008
000717,韶钢松山,24.2,19970508
002064,华峰氨纶,15.39,20060823
300590,移为通信,0.97,20170111
002644,佛慈制药,5.11,20111222
000429,粤高速Ａ,4.69,19980220
600890,中房股份,5.79,19960318
002900,哈三联,0.79,20170922
000993,闽东电力,3.73,20000731
002838,道恩股份,0.75,20170106
300718,长盛轴承,0.5,20171106
000631,顺发恒业,24.33,19961122
600076,康欣新材,7.52,19970526
600737,中粮糖业,20.52,19960731
300716,国立科技,0.4,20171109
600999,招商证券,49.04,20091117
002696,百洋股份,2.18,20120905
300115,长盈精密,9.05,20100902
002337,赛象科技,5.88,20100115
300435,中泰股份,0.98,20150326
300316,晶盛机电,11.98,20120511
002118,紫鑫药业,10.25,20070302
600206,有研新材,8.39,19990319
300697,电工合金,0.52,20170907
300525,博思软件,0.76,20160726
002386,天原集团,6.72,20100409
000670,盈方微,6.0,19961217
002822,中装建设,3.06,20161129
300385,雪浪环境,0.64,20140626
300568,星源材质,1.28,20161201
000792,盐湖股份,27.5,19970904
300541,先进数通,0.76,20160913
600350,山东高速,48.11,20020318
002882,金龙羽,0.8,20170717
300619,金银河,0.33,20170301
002684,猛狮科技,3.9,20120612
002233,塔牌集团,8.04,20080516
600847,万里股份,1.53,19940324
002698,博实股份,5.31,20120911
000037,深南电A,3.39,19940701
002414,高德红外,4.76,20100716
600281,太化股份,5.14,20001109
601800,中国交建,117.47,20120309
601766,中国中车,229.18,20080818
601099,太平洋,64.79,20071228
300471,厚普股份,2.74,20150611
603444,吉比特,0.41,20170104
601375,中原证券,11.95,20170103
300407,凯发电气,1.66,20141203
300293,蓝英装备,2.7,20120308
601222,林洋能源,17.49,20110808
600684,珠江实业,8.53,19931028
603399,吉翔股份,5.08,20120824
601567,三星医疗,14.17,20110615
600332,白云山,10.71,20010206
300605,恒锋信息,0.37,20170208
002409,雅克科技,1.83,20100525
002217,合力泰,20.49,20080220
002123,梦网集团,5.98,20070328
002456,欧菲科技,26.57,20100803
601611,中国核建,9.62,20160606
000878,云南铜业,14.16,19980602
600583,海油工程,44.21,20020205
603129,春风动力,0.33,20170818
603619,中曼石油,0.4,20171117
002913,奥士康,0.36,20171201
600618,氯碱化工,7.5,19921113
300412,迦南科技,2.21,20141231
600718,东软集团,12.37,19960618
600889,南京化纤,3.07,19960308
300657,弘信电子,0.66,20170523
300501,海顺新材,0.36,20160204
300500,启迪设计,0.43,20160204
600643,爱建集团,14.34,19930426
000060,中金岭南,33.17,19970123
603227,雪峰科技,6.59,20150515
300710,万隆光电,0.18,20171019
300444,双杰电气,1.65,20150423
603079,圣达生物,0.28,20170823
002855,捷荣技术,0.83,20170321
300624,万兴科技,0.2,20180118
600823,世茂股份,37.51,19940204
002120,韵达股份,1.39,20070306
600322,天房发展,11.06,20010910
300622,博士眼镜,0.38,20170315
603383,顶点软件,0.57,20170522
603003,龙宇燃油,4.41,20120817
002029,七 匹 狼,7.55,20040806
601016,节能风电,41.56,20140929
300228,富瑞特装,4.06,20110608
603021,山东华鹏,3.16,20150423
002419,天虹股份,12.0,20100601
600236,桂冠电力,36.04,20000323
002886,沃特股份,0.5,20170627
600083,博信股份,2.28,19970606
002657,中科金财,2.76,20120228
300426,唐德影视,2.46,20150217
000565,渝三峡Ａ,4.34,19940408
300085,银之杰,3.92,20100526
002499,科林环保,1.63,20101109
603637,镇海股份,0.43,20170208
002789,建艺集团,0.38,20160311
300184,力源信息,3.03,20110222
002648,卫星石化,8.01,20111228
601388,怡球资源,20.25,20120423
603232,格尔软件,0.51,20170421
600223,鲁商置业,10.01,20000113
000683,远兴能源,28.33,19970131
002090,金智科技,2.13,20061208
002162,悦心健康,8.52,20070823
000059,华锦股份,15.99,19970130
000756,新华制药,3.07,19970806
600030,中信证券,98.15,20030106
300109,新开源,0.86,20100825
600410,华胜天成,10.94,20040427
300735,光弘科技,0.89,20171229
002715,登云股份,0.82,20140219
000158,常山北明,10.15,20000724
603559,中通国脉,0.79,20161202
002468,申通快递,3.32,20100908
000045,深纺织Ａ,4.57,19940815
000800,一汽轿车,14.12,19970618
002820,桂发祥,1.21,20161118
000761,本钢板材,27.36,19980115
600323,瀚蓝环境,7.66,20001225
002762,金发拉比,1.89,20150610
002501,利源精制,9.39,20101117
000023,深天地Ａ,1.39,19930429
300682,朗新科技,0.45,20170801
300730,科创信息,0.4,20171205
000731,四川美丰,5.91,19970617
002241,歌尔股份,27.23,20080522
300536,农尚环境,0.61,20160920
300722,新余国科,0.2,20171110
300479,神思电子,1.6,20150612
000835,长城动漫,3.03,19990625
300429,强力新材,1.39,20150324
002002,鸿达兴业,20.82,20040625
002635,安洁科技,3.2,20111125
002929,润建通信,0.55,20180301
600887,伊利股份,60.33,19960312
603603,博天环境,2.35,20170217
002857,三晖电气,0.49,20170323
002028,思源电气,5.79,20040805
300088,长信科技,22.63,20100526
300553,集智股份,0.17,20161021
002598,山东章鼓,2.71,20110707
300708,聚灿光电,0.64,20171016
300310,宜通世纪,5.84,20120425
600657,信达地产,15.24,19930524
002333,罗普斯金,4.85,20100112
603868,飞科电器,0.44,20160418
300176,鸿特科技,2.0,20110215
002745,木林森,5.2,20150217
002497,雅化集团,8.23,20101109
002835,同为股份,0.85,20161228
300381,溢多利,3.3,20140128
603188,亚邦股份,5.76,20140909
600558,大西洋,8.98,20010227
002890,弘宇股份,0.17,20170802
600808,马钢股份,59.68,19940106
002061,浙江交科,5.59,20060816
000532,华金资本,3.43,19940103
300579,数字认证,0.43,20161223
000628,高新发展,1.88,19961118
300288,朗玛信息,2.03,20120216
000996,中国中期,3.45,20000718
603906,龙蟠科技,0.93,20170410
603822,嘉澳环保,0.41,20160428
000975,银泰资源,12.29,20000608
002916,深南电路,0.7,20171213
603001,奥康国际,4.01,20120426
600446,金证股份,8.35,20031224
002508,老板电器,9.35,20101123
600157,永泰能源,124.26,19980513
603026,石大胜华,2.03,20150529
603269,海鸥股份,0.37,20170517
603507,振江股份,0.31,20171106
002571,德力股份,2.53,20110412
002891,中宠股份,0.25,20170821
600234,ST山水,2.02,20000615
603955,大千生态,0.71,20170310
000795,英洛华,6.86,19970808
002797,第一创业,19.18,20160511
601997,贵阳银行,12.39,20160816
000786,北新建材,14.14,19970606
600208,新湖中宝,85.98,19990623
603757,大元泵业,0.29,20170711
600522,中天科技,27.31,20021024
002311,海大集团,15.44,20091127
300555,路通视信,0.93,20161018
300438,鹏辉能源,2.15,20150424
601218,吉鑫科技,9.92,20110506
300678,中科信息,0.45,20170728
300467,迅游科技,1.16,20150527
002208,合肥城建,3.19,20080128
300031,宝通科技,2.57,20091225
300010,立思辰,6.43,20091030
600742,一汽富维,5.08,19960826
600117,西宁特钢,7.41,19971015
000672,上峰水泥,8.14,19961218
000833,贵糖股份,3.78,19981111
600291,西水股份,9.79,20000731
000822,山东海化,8.95,19980703
002376,新北洋,5.74,20100323
002055,得润电子,4.27,20060725
300478,杭州高新,1.26,20150610
600476,湘邮科技,1.61,20031210
603258,电魂网络,0.67,20161026
300427,红相股份,1.11,20150217
002124,天邦股份,7.91,20070403
603081,大丰实业,0.78,20170420
603308,应流股份,4.0,20140122
002919,名臣健康,0.2,20171218
603378,亚士创能,0.49,20170928
002926,华西证券,5.25,20180205
601288,农业银行,2940.55,20100715
002308,威创股份,8.35,20091127
300230,永利股份,5.4,20110615
600693,东百集团,8.97,19931122
300272,开能环保,2.56,20111102
002285,世联行,19.93,20090828
300551,古鳌科技,0.65,20161018
002518,科士达,5.54,20101207
002139,拓邦股份,7.84,20070629
600109,国金证券,30.24,19970807
300592,华凯创意,0.83,20170120
002580,圣阳股份,2.98,20110506
600529,山东药玻,2.57,20020603
600310,桂东电力,8.28,20010228
300573,兴齐眼药,0.53,20161208
300292,吴通控股,8.25,20120229
002172,澳洋科技,5.73,20070921
000055,方大集团,6.78,19960415
300600,瑞特股份,0.41,20170125
000789,万年青,6.13,19970923
002594,比亚迪,11.38,20110630
600031,三一重工,76.68,20030703
300055,万邦达,8.65,20100226
002892,科力尔,0.18,20170817
601311,骆驼股份,8.48,20110602
603908,牧高笛,0.23,20170307
600267,海正药业,9.66,20000725
002454,松芝股份,6.17,20100720
002108,沧州明珠,14.18,20070124
600503,华丽家族,16.02,20020709
002653,海思科,4.84,20120117
603533,掌阅科技,0.41,20170921
002336,人人乐,3.39,20100113
002853,皮阿诺,0.53,20170310
300598,诚迈科技,0.48,20170120
603078,江化微,0.48,20170410
601899,紫金矿业,168.76,20080425
300511,雪榕生物,2.32,20160504
603123,翠微股份,5.24,20120503
600866,星湖科技,6.45,19940818
000573,粤宏远Ａ,6.22,19940815
300506,名家汇,1.34,20160324
300243,瑞丰高材,1.68,20110712
600277,亿利洁能,26.74,20000725
601001,大同煤业,16.74,20060623
600079,人福医药,12.86,19970606
002927,泰永长征,0.3,20180223
603648,畅联股份,0.92,20170913
601600,中国铝业,109.6,20070430
002799,环球印务,0.77,20160608
600113,浙江东日,3.19,19971021
300264,佳创视讯,3.19,20110916
300335,迪森股份,2.64,20120710
300235,方直科技,1.06,20110629
600256,广汇能源,67.37,20000526
603712,七一二,1.0,20180226
603458,勘设股份,0.31,20170809
002531,天顺风能,17.69,20101231
300212,易华录,3.66,20110505
002423,中原特钢,5.03,20100603
300690,双一科技,0.28,20170808
002902,铭普光磁,0.35,20170929
300616,尚品宅配,0.67,20170307
000831,五矿稀土,9.81,19980911
002612,朗姿股份,2.09,20110830
300552,万集科技,0.4,20161021
603013,亚普股份,0.6,20180509
002673,西部证券,35.02,20120503
300706,阿石创,0.35,20170926
600176,中国巨石,35.02,19990422
603733,仙鹤股份,0.62,20180420
300124,汇川技术,12.28,20100928
000708,大冶特钢,4.49,19970326
603890,春秋电子,0.48,20171212
002572,索菲亚,6.2,20110412
300629,新劲刚,0.43,20170324
600091,ST明科,3.37,19970704
300545,联得装备,0.47,20160928
600773,西藏城投,7.29,19961108
002112,三变科技,1.83,20070208
601838,成都银行,3.61,20180131
000913,钱江摩托,4.54,19990514
603500,祥和实业,0.44,20170904
600036,招商银行,206.29,20020409
300645,正元智慧,0.45,20170421
601360,三六零,3.97,20120116
002554,惠博普,8.36,20110225
300537,广信材料,0.7,20160830
601108,财通证券,3.59,20171024
603010,万盛股份,2.2,20141010
000651,格力电器,59.7,19961118
300256,星星科技,5.94,20110819
000733,振华科技,4.69,19970703
300557,理工光科,0.34,20161101
603320,迪贝电气,0.33,20170502
002896,中大力德,0.2,20170829
600531,豫光金铅,10.9,20020730
603223,恒通股份,1.68,20150630
002245,澳洋顺昌,9.14,20080605
600466,蓝光发展,29.73,20010212
000848,承德露露,9.78,19971113
000676,智度股份,3.19,19961224
601988,中国银行,2107.66,20060705
601009,南京银行,84.82,20070719
300636,同和药业,0.42,20170331
600129,太极集团,4.27,19971118
600155,宝硕股份,11.28,19980918
002517,恺英网络,8.74,20101207
002833,弘亚数控,0.53,20161228
300548,博创科技,0.34,20161012
600348,阳泉煤业,24.05,20030821
300224,正海磁材,7.36,20110531
600387,海越股份,3.86,20040218
300687,赛意信息,0.36,20170803
300061,康旗股份,2.0,20100319
002884,凌霄泵业,0.31,20170711
600151,航天机电,13.89,19980605
603505,金石资源,1.12,20170503
002850,科达利,0.93,20170302
600420,现代制药,5.75,20040616
601186,中国铁建,115.03,20080310
600121,郑州煤电,10.15,19980107
000898,鞍钢股份,61.49,19971225
000510,金路集团,5.49,19930507
300466,赛摩电气,2.76,20150528
600525,长园集团,12.56,20021202
300391,康跃科技,0.78,20140801
300267,尔康制药,11.05,20110927
000501,鄂武商Ａ,6.78,19921120
002335,科华恒盛,2.25,20100113
600720,祁连山,7.76,19960716
600339,中油工程,15.52,20001225
601166,兴业银行,190.52,20070205
000028,国药一致,3.08,19930809
300038,梅泰诺,4.1,20100108
300014,亿纬锂能,8.19,20091030
600970,中材国际,16.83,20050412
000537,广宇发展,4.06,19931210
600877,ST嘉陵,6.87,19951013
600581,八一钢铁,15.33,20020816
002213,特 尔 佳,1.97,20080201
002095,生 意 宝,2.52,20061215
603900,莱绅通灵,0.85,20161123
600282,南钢股份,38.76,20000919
600686,金龙汽车,6.07,19931108
603278,大业股份,0.52,20171113
603183,建研院,0.31,20170905
600061,国投资本,36.94,19970519
600297,广汇汽车,71.51,20001116
601818,光大银行,398.1,20100818
600260,凯乐科技,6.28,20000706
000155,川化股份,9.37,20000926
300731,科创新源,0.22,20171208
603118,共进股份,7.76,20150225
600777,新潮能源,23.77,19961121
300340,科恒股份,0.85,20120726
002860,星帅尔,0.47,20170412
603515,欧普照明,0.98,20160819
601225,陕西煤业,100.0,20140128
000959,首钢股份,29.67,19991216
300655,晶瑞股份,0.84,20170523
600520,文一科技,1.58,20020108
300096,易联众,3.77,20100728
601155,新城控股,7.19,20151204
600495,晋西车轴,12.08,20040526
603829,洛凯股份,0.4,20171017
000020,深华发Ａ,1.81,19920428
300632,光莆股份,0.48,20170406
603556,海兴电力,1.68,20161110
300469,信息发展,0.54,20150611
600449,宁夏建材,4.78,20030829
300570,太辰光,0.95,20161206
601688,华泰证券,54.44,20100226
300089,文化长城,2.66,20100625
600741,华域汽车,28.67,19960826
000555,神州信息,9.41,19940408
600497,驰宏锌锗,43.1,20040420
600546,山煤国际,19.82,20030731
601006,大秦铁路,148.67,20060801
002077,大港股份,5.32,20061116
002869,金溢科技,0.45,20170515
000529,广弘控股,5.7,19931118
600675,中华企业,18.67,19930924
600455,博通股份,0.62,20040329
002662,京威股份,14.57,20120309
600300,维维股份,16.72,20000630
300130,新国都,2.9,20101019
002345,潮宏基,8.3,20100128
300679,电连技术,0.54,20170731
300701,森霸传感,0.2,20170915
300452,山河药辅,1.08,20150515
002675,东诚药业,5.78,20120525
300617,安靠智电,0.37,20170228
002008,大族激光,9.93,20040625
300656,民德电子,0.39,20170519
603895,天永智能,0.27,20180122
002879,长缆科技,0.49,20170707
600683,京投发展,7.41,19931025
603813,原尚股份,0.22,20170918
601066,中信建投,4.0,20180620
300423,鲁亿通,1.07,20150217
002770,科迪乳业,5.82,20150630
600585,海螺水泥,40.0,20020207
600801,华新水泥,9.73,19940103
603377,东方时尚,1.65,20160205
000563,陕国投Ａ,28.62,19940110
600621,华鑫股份,5.35,19921202
600104,上汽集团,115.03,19971125
601628,中国人寿,208.24,20070109
300542,新晨科技,0.56,20160920
300136,信维通信,7.45,20101105
000908,景峰医药,7.67,19990203
601088,中国神华,164.91,20071009
600971,恒源煤电,10.0,20040817
603833,欧派家居,0.9,20170328
601336,新华保险,20.85,20111216
601398,工商银行,2696.12,20061027
600094,大名城,22.77,19970703
000732,泰禾集团,12.43,19970704
603801,志邦股份,0.83,20170630
600231,凌钢股份,17.69,20000511
603040,新坐标,0.31,20170209
300566,激智科技,0.95,20161115
002475,立讯精密,31.62,20100915
603818,曲美家居,4.84,20150422
002897,意华股份,0.43,20170907
601138,工业富联,11.18,20180608
601012,隆基股份,27.66,20120411
300543,朗科智能,0.43,20160908
002777,久远银海,0.6,20151231
300422,博世科,2.64,20150217
000807,云铝股份,24.3,19980408
000851,高鸿股份,8.28,19980609
300409,道氏技术,1.31,20141203
002873,新天药业,0.38,20170519
600962,国投中鲁,2.54,20040622
300668,杰恩设计,0.56,20170619
002713,东易日盛,0.76,20140219
300707,威唐工业,0.39,20171010
000895,双汇发展,32.99,19981210
000933,神火股份,19.0,19990831
000011,深物业A,1.76,19920330
002581,未名医药,3.43,20110520
300179,四方达,3.26,20110215
603936,博敏电子,0.56,20151209
600569,安阳钢铁,23.94,20010820
002848,高斯贝尔,0.83,20170213
002871,伟隆股份,0.29,20170511
002128,露天煤业,16.34,20070418
002510,天汽模,7.37,20101125
600362,江西铜业,20.75,20020111
601003,柳钢股份,25.63,20070227
603180,金牌厨柜,0.18,20170512
000932,华菱钢铁,30.15,19990803
603283,赛腾股份,0.4,20171225
600337,美克家居,14.59,20001127
600180,瑞茂通,10.16,19980703
002881,美格智能,0.45,20170622
601228,广州港,14.43,20170329
300355,蒙草生态,11.58,20120927
002878,元隆雅图,0.32,20170606
002206,海 利 得,9.5,20080123
601939,建设银行,95.94,20070925
300284,苏交科,5.26,20120110
000036,华联控股,11.36,19940617
000983,西山煤电,31.51,20000726
600468,百利电气,7.98,20010615
300560,中富通,0.61,20161101
603729,龙韵股份,0.67,20150324
002889,东方嘉盛,0.35,20170731
603535,嘉诚国际,0.38,20170808
002247,帝龙文化,5.24,20080612
300164,通源石油,3.17,20110113
000090,天健集团,9.28,19990721
002016,世荣兆业,6.46,20040708
300468,四方精创,1.85,20150527
000151,中成股份,2.67,20000906
002085,万丰奥威,21.14,20061128
601933,永辉超市,81.35,20101215
600062,华润双鹤,6.86,19970522
600201,生物股份,11.16,19990115
000001,平安银行,171.7,19910403
601668,中国建筑,416.24,20090729
603798,康普顿,0.85,20160406
600859,王府井,3.05,19940506
603086,先达股份,0.73,20170511
300402,宝色股份,0.86,20141010
000659,珠海中富,12.86,19961203
000014,沙河股份,2.02,19920602
300274,阳光电源,10.66,20111102
300650,太龙照明,0.74,20170503
002050,三花智控,15.64,20050607
002343,慈文传媒,3.26,20100126
603839,安正时尚,1.04,20170214
603800,道森股份,0.68,20151210
002691,冀凯股份,3.39,20120731
600376,首开股份,25.46,20010312
300514,友讯达,0.9,20170426
603466,风语筑,0.72,20171020
300100,双林股份,3.86,20100806
000402,金 融 街,29.88,19960626
601699,潞安环能,29.91,20060922
600740,山西焦化,6.57,19960808
600606,绿地控股,121.68,19920327
600188,兖州煤业,29.6,19980701
603686,龙马环卫,2.7,20150126
601233,桐昆股份,16.87,20110518
002798,帝欧家居,0.55,20160525
000951,中国重汽,6.71,19991125
603758,秦安股份,1.33,20170517
601318,中国平安,108.33,20070301
600019,宝钢股份,221.01,20001212
600153,建发股份,28.35,19980616
600702,舍得酒业,3.37,19960524
300257,开山股份,8.19,20110819
300054,鼎龙股份,6.65,20100211
300477,合纵科技,1.57,20150610
603816,顾家家居,0.89,20161014
300143,星普医科,2.63,20101209
601878,浙商证券,12.09,20170626
300290,荣科科技,2.71,20120216
600266,北京城建,15.67,19990203
002127,南极电商,14.51,20070418
000591,太阳能,20.37,19960208
300434,金石东方,0.83,20150424
002146,荣盛发展,38.92,20070808
300473,德尔股份,1.0,20150612
002126,银轮股份,6.7,20070418
002828,贝肯能源,0.99,20161208
000063,中兴通讯,34.34,19971118
000006,深振业Ａ,13.48,19920427
603108,润达医疗,5.08,20150527
002876,三利谱,0.59,20170525
000921,海信科龙,9.02,19990713
000507,珠海港,7.72,19930326
600383,金地集团,45.15,20010412
600880,博瑞传播,7.32,19951115
603009,北特科技,3.21,20140718
600273,嘉化能源,12.97,20030627
600185,格力地产,20.6,19990611
300721,怡达股份,0.2,20171115
600358,国旅联合,4.32,20000922
000069,华侨城Ａ,61.47,19970910
000088,盐 田 港,19.42,19970728
601601,中国太保,62.87,20071225
603938,三孚股份,0.51,20170628
300729,乐歌股份,0.21,20171201
603365,水星家纺,0.67,20171120
600258,首旅酒店,6.25,20000601
000333,美的集团,64.76,19931112
002110,三钢闽光,9.91,20070126
300667,必创科技,0.69,20170619
002482,广田集团,13.13,20100929
600325,华发股份,19.14,20040225
600419,天润乳业,1.79,20010628
000002,万 科Ａ,97.15,19910129
001979,招商蛇口,19.0,20151230
002183,怡 亚 通,21.2,20071113
002492,恒基达鑫,3.98,20101102
600066,宇通客车,22.14,19970508
000910,大亚圣象,5.29,19990630
300540,深冷股份,0.64,20160823
000046,泛海控股,50.95,19940912
600340,华夏幸福,29.55,20031230
300376,易事特,22.99,20140127
600438,通威股份,27.82,20040302
002341,新纶科技,6.17,20100122
002313,日海智能,3.12,20091203
600734,实达集团,3.55,19960808
600048,保利地产,117.36,20060731
600439,瑞贝卡,11.32,20030710
600787,中储股份,18.6,19970121
600892,大晟文化,2.52,19960315
002256,兆新股份,12.53,20080625
600754,锦江股份,6.49,19961011
600319,亚星化学,3.16,20010326
002219,恒康医疗,18.27,20080306
600682,南京新百,8.61,19931018
300090,盛运环保,8.77,20100625
600133,东湖高新,5.38,19980212
600189,吉林森工,3.11,19981007
002035,华帝股份,5.21,20040901
603085,天成自控,0.79,20150630
000418,小天鹅Ａ,4.39,19970328
002271,东方雨虹,9.72,20080910
600568,中珠医疗,15.65,20010518
300266,兴源环境,9.56,20110927
300393,中来股份,1.21,20140912
002193,如意集团,2.31,20071207
002766,索菱股份,2.49,20150611
002699,美盛文化,7.28,20120911
002711,欧浦智网,10.49,20140127
002164,宁波东力,4.09,20070823
000587,金洲慈航,12.13,19960425
002005,德豪润达,12.66,20040625
